d_cell_id,공원명,공원종류
다사61505325,배봉산<시공원>,근린공원
다사54005575,(북한산,도시자연공원
다사51004450,상도<시공원>,근린공원
다사42005025,우장산근린공원,OSM보완
다사58755875,오동<시공원>,근린공원
다사49004750,여의도,근린공원
다사67754325,장지<시공원>,근린공원
다사47754625,영등포,근린공원
다사50505425,안산<시공원>,도시자연공원
다사57255025,응봉공원,OSM보완
다사53755300,경복,근린공원
다사60254200,달터<시공원>,근린공원
다사69755050,명일<시공원>,근린공원
다사39255375,방화,근린공원
다사45254125,금천한내(안양천,강변공원
다사58506175,쌍문<시공원>,근린공원
다사65755600,중랑캠핑숲,OSM보완
다사68755000,샛마을,근린공원
다사40754750,서서울호수,문화공원
다사49504650,자매,근린공원
다사48004350,보라매,근린공원
다사59504900,서울숲,기타공원
다사46255125,월드컵,근린공원
다사62254400,양재천,마을마당
다사69254850,허브천문공원,OSM보완
다사59255750,오동<시공원>,근린공원
다사65755625,나들이공원,근린공원
다사58754175,바우뫼,근린공원
다사67504500,오금<시공원>,근린공원
다사50755550,(북한산,도시자연공원
다사54755325,원서,근린공원
다사50504675,여의도지구,강변공원
다사49754050,관악산<시공원>,도시자연공원
다사44255300,월드컵,근린공원
다사42004875,까치산,근린공원
다사59504350,도곡근린공원,OSM보완
다사68254300,장지<시공원>,근린공원
다사59504950,서울숲,기타공원
다사67254650,올림픽공원,기타공원
다사60005050,중랑천,강변공원
다사61255250,답십리<시공원>,근린공원
다사49255000,와우근린공원,OSM보완
다사59004100,시민의숲,근린공원
다사58006150,쌍문<시공원>,근린공원
다사51504575,노량진<시공원>,근린공원
다사44755250,월드컵,근린공원
다사52254275,까치산<시공원>,근린공원
다사57753725,서울대공원,근린공원
다사57255725,(북한산,도시자연공원
다사64755500,용마<시공원>,도시자연공원
다사66504625,올림픽공원,기타공원
다사49004400,보라매,근린공원
다사70005000,명일<시공원>,근린공원
다사57253600,서울대공원,근린공원
다사62255400,중랑천변,강변공원
다사63003900,인능산2<시공원>,도시자연공원
다사56503675,서울대공원,근린공원
다사64754625,신천교통,근린공원
다사54254650,동빙고,근린공원
다사51254600,사육신공원,OSM보완
다사53005250,경희궁<시공원>,근린공원
다사55005300,종묘,근린공원
다사48254525,메낙골,근린공원
다사62004775,뚝섬지구,강변공원
다사45004925,용왕산<시공원>,근린공원
다사41755125,원당,근린공원
다사45754875,안양천공원,강변공원
다사55255575,(북한산,도시자연공원
다사56005200,훈련원,근린공원
다사56005075,남산,도시자연공원
다사51254550,노량진<시공원>,근린공원
다사67504275,장지<시공원>,근린공원
다사66504475,웃말,근린공원
다사54755625,(북한산,도시자연공원
다사60506000,초안산<시공원>,근린공원
다사57253725,서울대공원,근린공원
다사40755175,서울식물원,OSM보완
다사46004875,안양천공원,강변공원
다사52004950,효창<시공원>,근린공원
다사57754800,잠실지구,강변공원
다사55005050,남산,도시자연공원
다사56505350,(낙산,근린공원
다사56253725,서울대공원,근린공원
다사58005525,개운산<시공원>,근린공원
다사52504950,효창<시공원>,근린공원
다사55255250,종묘광장,광장
다사64504550,송파나루근린공원,OSM보완
다사57004200,우면산<시공원>,도시자연공원
다사50255650,(북한산,도시자연공원
다사70255050,명일<시공원>,근린공원
다사49004050,관악산<시공원>,도시자연공원
다사50754100,관악산<시공원>,도시자연공원
다사43504900,봉제산<시공원>,근린공원
다사61504650,탄천,마을마당
다사56505775,(북한산,도시자연공원
다사44004650,양천,근린공원
다사48004150,관악산<시공원>,도시자연공원
다사53505175,덕수,근린공원
다사55505075,남산,도시자연공원
다사57253700,서울대공원,근린공원
다사67004650,올림픽공원,기타공원
다사50254725,여의도지구,강변공원
다사54505025,남산,도시자연공원
다사47005675,봉산<시공원>,도시자연공원
다사55005075,남산,도시자연공원
다사49755400,백련<시공원>,근린공원
다사67754525,성내천,강변공원
다사64504525,송파나루근린공원,OSM보완
다사42504525,고척<시공원>,근린공원
다사50754550,노량진<시공원>,근린공원
다사55754950,남산,도시자연공원
다사57255300,숭인,근린공원
다사50255425,안산<시공원>,도시자연공원
다사66754650,올림픽공원,기타공원
다사62755025,어린이대공원,근린공원
다사44504775,오목,근린공원
다사69005050,원터,근린공원
다사58004625,학동,근린공원
다사65504300,탄천,마을마당
다사69755075,방죽,근린공원
다사49254800,여의도지구,강변공원
다사50253750,관악산<시공원>,도시자연공원
다사56503775,서울대공원,근린공원
다사41005275,마곡(미조성,체육공원
다사52505350,인왕산<시공원>,도시자연공원
다사57503700,서울대공원,근린공원
다사61254325,개포서,근린공원
다사51254200,관악산<시공원>,도시자연공원
다사62005675,중랑천공원_1,강변공원
다사51754550,노량진<시공원>,근린공원
다사63505250,용마<시공원>,도시자연공원
다사56255400,낙산,근린공원
다사60005850,우이천,강변공원
다사54755025,남산,도시자연공원
다사56255525,성북<시공원>,근린공원
다사66004700,올림픽공원,기타공원
다사59504300,도곡근린공원,OSM보완
다사62254000,대모산<시공원>,도시자연공원
다사63004750,뚝섬지구,강변공원
다사51004025,관악산<시공원>,도시자연공원
다사56004425,서리풀<시공원>,근린공원
다사69755125,샘터,근린공원
다사49004200,관악산<시공원>,도시자연공원
다사67004600,올림픽공원,기타공원
다사54004125,관악산<시공원>,도시자연공원
다사62254975,광진광장,광장
다사52755075,손기정체육공원,OSM보완
다사62754750,뚝섬지구,강변공원
다사58255925,오동<시공원>,근린공원
다사52004150,관악산<시공원>,도시자연공원
다사50505475,백련<시공원>,근린공원
다사59005775,오동<시공원>,근린공원
다사52004175,관악산<시공원>,도시자연공원
다사41755275,궁산<시공원>,근린공원
다사59005825,오동<시공원>,근린공원
다사62255200,장평,근린공원
다사48504400,보라매,근린공원
다사54504125,우면산<시공원>,도시자연공원
다사47755500,신사근린공원,근린공원
다사55755475,와룡<시공원>,근린공원
다사62006100,노해,근린공원
다사52254150,관악산<시공원>,도시자연공원
다사43004900,봉제산<시공원>,근린공원
다사57506175,쌍문<시공원>,근린공원
다사46755425,봉산<시공원>,도시자연공원
다사50755525,(북한산,도시자연공원
다사45254975,안양천공원,강변공원
다사50755500,실락,어린이공원
다사49254050,관악산<시공원>,도시자연공원
다사55755025,남산,도시자연공원
다사56255100,남산,도시자연공원
다사50255475,백련<시공원>,근린공원
다사59004950,서울숲,기타공원
다사41505300,궁산<시공원>,근린공원
다사61506125,원터,근린공원
다사59255000,서울숲,기타공원
다사49755350,백련<시공원>,근린공원
다사50504700,여의도지구,강변공원
다사45754775,안양천공원,강변공원
다사55754375,서리풀<시공원>,근린공원
다사41254700,오솔길,근린공원
다사68254475,누에머리,근린공원
다사39755350,꿩고개<시공원>,근린공원
다사49005225,궁동<시공원>,근린공원
다사49505350,백련<시공원>,근린공원
다사60755600,청량<시공원>,근린공원
다사62756200,불암산<시공원>,도시자연공원
다사54505425,삼청<시공원>,근린공원
다사60754325,양재천,마을마당
다사64255325,용마<시공원>,도시자연공원
다사44254500,안양천공원,강변공원
다사62254425,양재천,마을마당
다사62506200,삿갓봉,근린공원
다사64754550,송파나루근린공원,OSM보완
다사62506350,수락산<시공원>,도시자연공원
다사55005575,(북한산,도시자연공원
다사49254550,노량진<시공원>,근린공원
다사48504725,여의도,근린공원
다사45254650,안양천공원,강변공원
다사47255500,봉산<시공원>,도시자연공원
다사49504000,관악산<시공원>,도시자연공원
다사49505425,백련<시공원>,근린공원
다사61754650,탄천,마을마당
다사49255275,궁동<시공원>,근린공원
다사50004375,상도<시공원>,근린공원
다사45005200,난지지구,강변공원
다사47505450,봉산<시공원>,도시자연공원
다사51254375,상도<시공원>,근린공원
다사59754550,선·정릉,근린공원
다사52755300,사직<시공원>,근린공원
다사52754250,까치산<시공원>,근린공원
다사58254925,서울숲,기타공원
다사46005425,봉산<시공원>,도시자연공원
다사59505650,(오동,근린공원
다사66754600,올림픽공원,기타공원
다사55754900,남산,도시자연공원
다사50754375,상도<시공원>,근린공원
다사45255350,상암<시공원>,근린공원
다사44505250,월드컵,근린공원
다사57503725,서울대공원,근린공원
다사44254400,안양천공원_1,강변공원
다사53505325,경복,근린공원
다사54005050,남산,도시자연공원
다사58003650,서울대공원,근린공원
다사69754975,명일<시공원>,근린공원
다사53505300,경복,근린공원
다사46005175,월드컵,근린공원
다사61754625,탄천,마을마당
다사41255300,서울식물원,OSM보완
다사63505025,어린이대공원,근린공원
다사39505425,강서지구,강변공원
다사55005375,창덕,근린공원
다사47004925,선유도공원,근린공원
다사57003625,서울대공원,근린공원
다사60005500,(청량,근린공원
다사65004575,송파나루근린공원,OSM보완
다사51004400,상도<시공원>,근린공원
다사53254125,관악산<시공원>,도시자연공원
다사61505050,중랑천,강변공원
다사39505350,꿩고개<시공원>,근린공원
다사45005300,월드컵,근린공원
다사54505075,남산,도시자연공원
다사49505275,안산<시공원>,도시자연공원
다사61504025,대모산<시공원>,도시자연공원
다사60255950,초안산<시공원>,근린공원
다사62756275,불암산<시공원>,도시자연공원
다사49254125,관악산<시공원>,도시자연공원
다사57254750,잠실지구,강변공원
다사51755200,안산<시공원>,도시자연공원
다사51005600,(북한산,도시자연공원
다사47754150,관악산<시공원>,도시자연공원
다사43254900,봉제산<시공원>,근린공원
다사56004950,남산,도시자연공원
다사47255600,봉산<시공원>,도시자연공원
다사53005225,경희궁<시공원>,근린공원
다사44754600,안양천공원,강변공원
다사49754025,관악산<시공원>,도시자연공원
다사65255425,용마<시공원>,도시자연공원
다사45004725,안양천공원,강변공원
다사58755900,오동<시공원>,근린공원
다사66754425,가락,근린공원
다사54755075,남산,도시자연공원
다사63255000,어린이대공원,근린공원
다사51004100,관악산<시공원>,도시자연공원
다사45254750,안양천공원,강변공원
다사61255025,중랑천,강변공원
다사67004675,올림픽공원,기타공원
다사45755125,난지지구,강변공원
다사53754625,이촌지구,강변공원
다사49753975,관악산<시공원>,도시자연공원
다사63004975,어린이대공원,근린공원
다사45505225,월드컵,근린공원
다사41255275,서울식물원,OSM보완
다사44254425,안양천공원,강변공원
다사67254675,올림픽공원,기타공원
다사55505625,(북한산,도시자연공원
다사48504375,보라매,근린공원
다사51005675,(북한산,도시자연공원
다사58755800,오동<시공원>,근린공원
다사59504925,서울숲,기타공원
다사47005400,봉산<시공원>,도시자연공원
다사53754100,관악산<시공원>,도시자연공원
다사51754175,관악산<시공원>,도시자연공원
다사61255325,배봉산<시공원>,근린공원
다사50254050,관악산<시공원>,도시자연공원
다사51505300,안산<시공원>,도시자연공원
다사42754900,봉제산<시공원>,근린공원
다사39755375,꿩고개<시공원>,근린공원
다사41505275,궁산<시공원>,근린공원
다사51004000,관악산<시공원>,도시자연공원
다사56505275,낙산,근린공원
다사47255625,봉산<시공원>,도시자연공원
다사57503625,서울대공원,근린공원
다사56505300,낙산,근린공원
다사48504825,여의도지구,강변공원
다사56753625,서울대공원,근린공원
다사66004675,올림픽공원,기타공원
다사64006300,불암산<시공원>,도시자연공원
다사59004900,서울숲,기타공원
다사57755475,개운산<시공원>,근린공원
다사59004975,서울숲,기타공원
다사55504575,잠원지구,강변공원
다사42754525,고척<시공원>,근린공원
다사55755075,남산,도시자연공원
다사45505300,상암<시공원>,근린공원
다사51004075,관악산<시공원>,도시자연공원
다사60003800,청계산<시공원>,도시자연공원
다사44005275,난지지구,강변공원
다사62756150,불암산<시공원>,도시자연공원
다사65255550,용마<시공원>,도시자연공원
다사45755150,월드컵,근린공원
다사49754000,관악산<시공원>,도시자연공원
다사52754225,까치산<시공원>,근린공원
다사53004050,관악산<시공원>,도시자연공원
다사59255825,오동<시공원>,근린공원
다사67004700,올림픽공원,기타공원
다사57005025,응봉공원,OSM보완
다사53004650,이촌지구,강변공원
다사60006550,서울창포원,OSM보완
다사56504900,남산,도시자연공원
다사59255725,(오동,근린공원
다사58754950,서울숲,기타공원
다사49254525,노량진<시공원>,근린공원
다사56254125,우면산<시공원>,도시자연공원
다사54504525,잠원지구,강변공원
다사61004100,대모산<시공원>,도시자연공원
다사64006250,불암산<시공원>,도시자연공원
다사63506425,수락산<시공원>,도시자연공원
다사54754125,우면산<시공원>,도시자연공원
다사53755525,삼청<시공원>,근린공원
다사51004050,관악산<시공원>,도시자연공원
다사62755975,불암산<시공원>,도시자연공원
다사60755625,청량<시공원>,근린공원
다사70255000,명일<시공원>,근린공원
다사58255900,오동<시공원>,근린공원
다사51504750,이촌지구,강변공원
다사63006000,불암산<시공원>,도시자연공원
다사70255125,동명,근린공원
다사54255050,남산,도시자연공원
다사63505650,봉화산<시공원>,근린공원
다사49505400,백련<시공원>,근린공원
다사52005275,독립,근린공원
다사59755900,초안산<시공원>,근린공원
다사49504500,노량진<시공원>,근린공원
다사57753750,서울대공원,근린공원
다사63256125,불암산<시공원>,도시자연공원
다사47254875,양화지구,강변공원
다사61756325,수락산<시공원>,도시자연공원
다사60754625,봉은,근린공원
다사48754400,보라매,근린공원
다사47755475,신사근린공원,근린공원
다사45004975,목동,근린공원
다사62003900,인능산2<시공원>,도시자연공원
다사51505250,안산<시공원>,도시자연공원
다사44754575,안양천공원,강변공원
다사51254150,관악산<시공원>,도시자연공원
다사64504700,광나루지구,강변공원
다사65254300,탄천,마을마당
다사45755200,월드컵,근린공원
다사55005100,남산,도시자연공원
다사63005000,어린이대공원,근린공원
다사44005300,월드컵,근린공원
다사40004275,푸른수목원,근린공원
다사44504525,안양천공원,강변공원
다사61506500,수락산<시공원>,도시자연공원
다사54255600,북한산<시공원>,도시자연공원
다사63006525,수락산<시공원>,도시자연공원
다사62255600,중랑천_1,근린공원
다사44504225,안양천공원_2,강변공원
다사42504575,계남<시공원>,근린공원
다사45255300,월드컵,근린공원
다사51003975,관악산<시공원>,도시자연공원
다사51504375,상도<시공원>,근린공원
다사63504650,광나루지구,강변공원
다사53004100,관악산<시공원>,도시자연공원
다사59505450,홍릉<시공원>,근린공원
다사60256050,초안산<시공원>,근린공원
다사55004975,남산,도시자연공원
다사58754900,서울숲,기타공원
다사51004125,관악산<시공원>,도시자연공원
다사39005375,방화,근린공원
다사52505375,인왕산<시공원>,도시자연공원
다사42004600,계남<시공원>,근린공원
다사50754125,관악산<시공원>,도시자연공원
다사67254375,개농,근린공원
다사50504375,상도<시공원>,근린공원
다사59254900,서울숲,기타공원
다사43004575,계남<시공원>,근린공원
다사45755300,상암<시공원>,근린공원
다사50255600,(북한산,도시자연공원
다사67754500,성내천,강변공원
다사49505025,와우근린공원,OSM보완
다사40754775,서서울호수,문화공원
다사49505775,불광<시공원>,근린공원
다사64754475,백제초기적석총,근린공원
다사48254025,관악산<시공원>,도시자연공원
다사58504125,시민의숲,근린공원
다사44505275,월드컵,근린공원
다사62756425,수락산<시공원>,도시자연공원
다사49753850,관악산<시공원>,도시자연공원
다사49254100,관악산<시공원>,도시자연공원
다사44005100,염창<시공원>,근린공원
다사44504900,용왕산<시공원>,근린공원
다사41005175,서울식물원,OSM보완
다사60505625,청량<시공원>,근린공원
다사57253650,서울대공원,근린공원
다사45755225,월드컵,근린공원
다사54755450,와룡<시공원>,근린공원
다사47255525,봉산<시공원>,도시자연공원
다사60255050,중랑천,강변공원
다사64004975,구의야구공원,근린공원
다사44255275,월드컵,근린공원
다사43004625,신트리,근린공원
다사50504050,관악산<시공원>,도시자연공원
다사44255100,염창<시공원>,근린공원
다사58754725,도산,근린공원
다사46255100,망원지구,강변공원
다사44005125,황금내,근린공원
다사51005300,안산<시공원>,도시자연공원
다사51755300,독립,근린공원
다사54004625,이촌지구,강변공원
다사43004975,봉제산<시공원>,근린공원
다사42754575,계남<시공원>,근린공원
다사52254100,관악산<시공원>,도시자연공원
다사62005100,중랑천,강변공원
다사69755000,명일<시공원>,근린공원
다사45005250,월드컵,근린공원
다사60003725,청계산<시공원>,도시자연공원
다사63254975,어린이대공원,근린공원
다사55755600,(북한산,도시자연공원
다사70505100,동명,근린공원
다사59005875,오동<시공원>,근린공원
다사60256325,상계,근린공원
다사63005025,어린이대공원,근린공원
다사45004950,용왕산<시공원>,근린공원
다사49505375,백련<시공원>,근린공원
다사69005075,까치,근린공원
다사60504175,달터<시공원>,근린공원
다사44504275,금천한내(안양천,강변공원
다사60003750,청계산<시공원>,도시자연공원
다사51505600,(북한산,도시자연공원
다사65754650,올림픽공원,기타공원
다사69005025,원터,근린공원
다사56756150,솔밭,근린공원
다사60254550,선·정릉,근린공원
다사45505325,상암<시공원>,근린공원
다사50255625,(북한산,도시자연공원
다사50255350,안산<시공원>,도시자연공원
다사48254150,관악산<시공원>,도시자연공원
다사58754925,서울숲,기타공원
다사61004300,달터<시공원>,근린공원
다사48004050,관악산<시공원>,도시자연공원
다사67754275,장지<시공원>,근린공원
다사64755325,용마<시공원>,도시자연공원
다사44254325,안양천공원_1,강변공원
다사69504450,천마<시공원>,근린공원
다사56255500,성북<시공원>,근린공원
다사63755625,봉화산<시공원>,근린공원
다사43254925,봉제산<시공원>,근린공원
다사66254625,올림픽공원,기타공원
다사68004350,장지<시공원>,근린공원
다사59255650,(오동,근린공원
다사60005925,초안산<시공원>,근린공원
다사52505400,인왕산<시공원>,도시자연공원
다사59005025,중랑천,강변공원
다사49505750,불광<시공원>,근린공원
다사47255550,봉산<시공원>,도시자연공원
다사49755375,백련<시공원>,근린공원
다사63256050,불암산<시공원>,도시자연공원
다사52504675,이촌지구,강변공원
다사52505425,인왕산<시공원>,도시자연공원
다사54254625,이촌지구,강변공원
다사55255050,남산,도시자연공원
다사56254625,잠원지구,강변공원
다사52004125,관악산<시공원>,도시자연공원
다사47255450,봉산<시공원>,도시자연공원
다사63756400,수락산<시공원>,도시자연공원
다사64255000,아차산배수지공원,근린공원
다사51255275,안산<시공원>,도시자연공원
다사49004025,관악산<시공원>,도시자연공원
다사48754375,보라매,근린공원
다사50755575,(북한산,도시자연공원
다사50505700,(북한산,도시자연공원
다사50003875,관악산<시공원>,도시자연공원
다사53005600,북한산<시공원>,도시자연공원
다사57255325,숭인,근린공원
다사59755825,오동<시공원>,근린공원
다사50505675,(북한산,도시자연공원
다사52255325,인왕산<시공원>,도시자연공원
다사54005475,삼청<시공원>,근린공원
다사50754075,관악산<시공원>,도시자연공원
다사42504950,봉제산<시공원>,근린공원
다사55255025,남산,도시자연공원
다사61255275,답십리<시공원>,근린공원
다사61005600,청량<시공원>,근린공원
다사50503975,관악산<시공원>,도시자연공원
다사62755000,어린이대공원,근린공원
다사68504300,장지<시공원>,근린공원
다사60004350,도곡근린공원,OSM보완
다사49755475,백련<시공원>,근린공원
다사59505675,(오동,근린공원
다사50753975,관악산<시공원>,도시자연공원
다사50755675,(북한산,도시자연공원
다사50754175,관악산<시공원>,도시자연공원
다사57754925,뚝섬지구,강변공원
다사59505475,(청량,근린공원
다사51505625,(북한산,도시자연공원
다사52005325,인왕산<시공원>,도시자연공원
다사51504125,관악산<시공원>,도시자연공원
다사55505475,와룡<시공원>,근린공원
다사51255625,(북한산,도시자연공원
다사60005575,청량<시공원>,근린공원
다사52504250,까치산<시공원>,근린공원
다사69755100,방죽,근린공원
다사58004200,우면산<시공원>,도시자연공원
다사61253825,인능산1<시공원>,도시자연공원
다사54255475,삼청<시공원>,근린공원
다사62503950,인능산2<시공원>,도시자연공원
다사51254175,관악산<시공원>,도시자연공원
다사57003750,서울대공원,근린공원
다사54754525,잠원지구,강변공원
다사58755825,오동<시공원>,근린공원
다사55505000,남산,도시자연공원
다사62505000,어린이대공원,근린공원
다사70255025,명일<시공원>,근린공원
다사52754275,까치산<시공원>,근린공원
다사54255525,(북한산,도시자연공원
다사54505550,(북한산,도시자연공원
다사53505500,삼청<시공원>,근린공원
다사58005550,개운산<시공원>,근린공원
다사53754125,관악산<시공원>,도시자연공원
다사53504075,관악산<시공원>,도시자연공원
다사52255500,인왕산<시공원>,도시자연공원
다사52754000,관악산<시공원>,도시자연공원
다사52755400,인왕산<시공원>,도시자연공원
다사55754300,서리풀<시공원>,근린공원
다사55505050,남산,도시자연공원
다사55004950,남산,도시자연공원
다사63756375,불암산<시공원>,도시자연공원
다사57754250,우면산<시공원>,도시자연공원
다사55254950,남산,도시자연공원
다사61754250,개포,근린공원
다사54504975,남산,도시자연공원
다사59254950,서울숲,기타공원
다사64005675,봉화산<시공원>,근린공원
다사56754175,우면산<시공원>,도시자연공원
다사55004150,우면산<시공원>,도시자연공원
다사52755450,인왕산<시공원>,도시자연공원
다사45754050,금천한내(안양천,강변공원
다사65505600,중랑캠핑숲,OSM보완
다사56504650,잠원지구,강변공원
다사57503550,서울대공원,근린공원
다사55505025,남산,도시자연공원
다사59005900,오동<시공원>,근린공원
다사55505600,(북한산,도시자연공원
다사62503925,인능산2<시공원>,도시자연공원
다사62756250,불암산<시공원>,도시자연공원
다사59505525,청량<시공원>,근린공원
다사55255650,(북한산,도시자연공원
다사57003775,서울대공원,근린공원
다사56005000,남산,도시자연공원
다사59253925,청계산<시공원>,도시자연공원
다사55755725,(북한산,도시자연공원
다사56504125,우면산<시공원>,도시자연공원
다사52755425,인왕산<시공원>,도시자연공원
다사59505850,오동<시공원>,근린공원
다사59504875,서울숲,기타공원
다사59755675,(오동,근린공원
다사62753975,인능산2<시공원>,도시자연공원
다사48754075,관악산<시공원>,도시자연공원
다사66004925,광나루지구,강변공원
다사57756175,쌍문<시공원>,근린공원
다사58256150,쌍문<시공원>,근린공원
다사60755025,중랑천,강변공원
다사62005650,중랑천공원_1,강변공원
다사56005600,(북한산,도시자연공원
다사67754250,장지<시공원>,근린공원
다사63254750,뚝섬지구,강변공원
다사59754350,도곡근린공원,OSM보완
다사59755450,홍릉<시공원>,근린공원
다사63756500,수락산<시공원>,도시자연공원
다사62005700,중랑천공원_1,강변공원
다사59504325,도곡근린공원,OSM보완
다사65505625,중랑캠핑숲,OSM보완
다사61753750,인능산1<시공원>,도시자연공원
다사63005650,봉화산<시공원>,근린공원
다사62005475,중랑천변,강변공원
다사59753800,청계산<시공원>,도시자연공원
다사61756500,수락산<시공원>,도시자연공원
다사64003975,인능산3<시공원>,도시자연공원
다사61006050,마들,근린공원
다사61506550,수락산<시공원>,도시자연공원
다사56255725,(북한산,도시자연공원
다사62253900,인능산2<시공원>,도시자연공원
다사62506325,수락산<시공원>,도시자연공원
다사63006375,수락산<시공원>,도시자연공원
다사65255375,용마<시공원>,도시자연공원
다사60755575,청량<시공원>,근린공원
다사66754625,올림픽공원,기타공원
다사70005025,명일<시공원>,근린공원
다사67254475,오금<시공원>,근린공원
다사63256325,불암산<시공원>,도시자연공원
다사48506025,은평뉴타운 10단지 실개천 (북-남)_by Jake,러너코스
다사50005725,[Tom's] Jokduri slippy bum descent,러너코스
다사48505200,Hongdae walking path,러너코스
다사43004300,목감천 5km run,러너코스
다사45254675,[10k]신정교_안합_신정교_반시계,러너코스
다사50504175,Hill from 도림천 to 용천사,러너코스
다사49755850,진관동 158 28 Climb,러너코스
다사40255375,염강나들목 to 방화대교 (4.5km) [gjpark],러너코스
다사52505275,Ingwansan from south ; road to summit,러너코스
다사58006075,우이천 근화교(덕성여대 앞) ~ 우이교,러너코스
다사59504225,영동2교-영동3교 (시계방향),러너코스
다사60256300,도봉 중랑천#1,러너코스
다사52755475,[Tom's] Inwangsan Stairs to Buam,러너코스
다사57505250,Cheongy 4.5k out,러너코스
다사47753550,Anyang - KwanAc Trail run,러너코스
다사69255200,고덕교-광나루공원-고덕교_13k_BY.캐훈,러너코스
다사65505025,광장동 구리 왕복 10Km,러너코스
다사46254475,400m인터벌(도림천오거리방향),러너코스
다사60004525,Seonjeongneung Park counterclockwise,러너코스
다사57755100,응봉공원 loop,러너코스
다사47504300,보라매후문~1km구간,러너코스
다사48754325,순대타운,러너코스
다사65004400,Helio City 2nd Loop,러너코스
다사52254325,Cheongnim Harmony Path,러너코스
다사46754625,문래자이아파트,러너코스
다사64754575,SLakeCircle Start East,러너코스
다사65254425,Helio City Park Band Loop,러너코스
다사61004600,I love apple pie,러너코스
다사71005125,Goduck 6km,러너코스
다사71505225,망월천 한바퀴 (시계),러너코스
다사53004750,Sinyongsan west scoot,러너코스
다사58755275,청계램프 - 제기1교,러너코스
다사53004950,Segment,러너코스
다사44754200,안양천(철산대교to광명대교),러너코스
다사66254125,(헌릉로757길) 1.25K 직선 아스팔트구간,러너코스
다사40005000,강서철인클럽 근전환 코스,러너코스
다사59754400,KR-Seoul: Dogok-ro - Teheran-ro 1km Block,러너코스
다사68254250,휴먼링 시계방향(꿈에그린),러너코스
다사48503950,관악벽산-호압사,러너코스
다사66754725,Around Seoul Olympic Park ,러너코스
다사50504975,[경의선숲길] 대흥역-공덕,러너코스
다사60255100,Cheonggyecheon Bicycle Path,러너코스
다사57004225,Segment,러너코스
다사65505000,뚝섬대회10K,러너코스
다사58005325,성북천 (청계천 - 보문3교),러너코스
다사67255250,광장동 구리 왕복 10Km,러너코스
다사42004150,목감천 5km run,러너코스
다사60754925,[SSRC] 성수역 - 마가지노,러너코스
다사45754600,Shindorim - Ohgeumgyo Loop - Clockwise,러너코스
다사59504475,KR-Seoul: Dogok-ro - Teheran-ro 1km Block,러너코스
다사41004325,천왕산 업힐,러너코스
다사63255775,먹골교 Last 1km,러너코스
다사62255725,Rose Run 태릉입구-중화,러너코스
다사56505425,바람마당~  성북천분수광장,러너코스
다사53004775,Sinyongsan west scoot,러너코스
다사45504075,철산대교_금천교,러너코스
다사59005975,둘리 VS 고길동,러너코스
다사54504900,Haebangchon,러너코스
다사48505950,은평뉴타운 - 안에,러너코스
다사55004550,Seoul Flyers 10k Loop,러너코스
다사60004575,Seonjeongneung Hill,러너코스
다사62005900,N1RC코스:[공릉동철길]좌측왕복_하이파이브런@ddamdo,러너코스
다사55006200,△북한산: Ui-Dong Road Climb,러너코스
다사55005475,Being watched,러너코스
다사61005975,한천교 → 당현4교,러너코스
다사57506600,Segment,러너코스
다사55004225,Bangbae to Sadang Hill,러너코스
다사64005750,반바퀴,러너코스
다사52254675,한강대교 (북쪽),러너코스
다사57256100,우이천 근화교(덕성여대 앞) ~ 우이교,러너코스
다사46504625,문래자이아파트,러너코스
다사54504950,Haebangchon,러너코스
다사64254925,광장동 381 22 Climb,러너코스
다사52254450,Seodalsan: The Climb and the Fall,러너코스
다사51754425,숭실대뺑뺑이,러너코스
다사46755225,Sangam TR-Autumn Course,러너코스
다사48253525,Anyang - KwanAc Trail run,러너코스
다사50004175,서원동성당-신림3교,러너코스
다사65004425,Helio City 2nd Loop,러너코스
다사43504350,목감천 5km run,러너코스
다사48755975,Segment,러너코스
다사72005175,망월천 한바퀴 (시계),러너코스
다사48753550,Anyang - KwanAc Trail run,러너코스
다사65754300,훼밀리아파트5KM-마트조형물시작,러너코스
다사51254800,마포TR 6KM,러너코스
다사65504425,Helio City 2nd Loop,러너코스
다사64754300,segment,러너코스
다사58755325,청계램프 - 제기1교,러너코스
다사45004600,Ohgeumgyo - Shinjeonggyo - Reverse,러너코스
다사64005025,Segment,러너코스
다사68754225,휴먼링 북-남(시계방향),러너코스
다사54004475,Seoul Canal to Han River,러너코스
다사54005075,회현동1가 205 2 Climb,러너코스
다사57506250,Segment,러너코스
다사48505975,롯데은평몰 도로방향 200m 쥐어짜기 구간_DDRC crew,러너코스
다사56005775,북한산 둘레길 4코스 / Bukhansan Trail #4,러너코스
다사61754525,탄천~CU 5km,러너코스
다사58254075,양재천 10K,러너코스
다사67004425,Detention Center Uphill-1_JK,러너코스
다사46254450,400m인터벌(도림천오거리방향),러너코스
다사42255250,한강안쪽 500m 직선도로,러너코스
다사64004800,뚝섬대회10K,러너코스
다사60754725,잠실TR 10KM,러너코스
다사58255425,The way up,러너코스
다사51504200,SNU subway to entrance uphill 650m,러너코스
다사62003975,내곡동 1 1221 Climb,러너코스
다사49004300,순대타운,러너코스
다사59004600,Garlands,러너코스
다사66254200,장지천(토끼굴-탄천),러너코스
다사57255450,바람마당~  성북천분수광장,러너코스
다사48754725,여의도공원 (Start/Finish @ Entrance #12),러너코스
다사47505175,사천교~홍제천 합수부 왕복(5.0km),러너코스
다사56005750,북한산 둘레길 4코스 / Bukhansan Trail #4,러너코스
다사57254525,Highway 1 towards river,러너코스
다사59005250,Cheongy 4.5k out,러너코스
다사60754600,Bongeunsa climb #4,러너코스
다사62505325,동대문마라톤10K코스,러너코스
다사52254400,Segment,러너코스
다사51754650,Han River Bridge Island half lap,러너코스
다사42254425,오류동역 1k,러너코스
다사60254525,Seonjeongneung Park counterclockwise,러너코스
다사60506175,상계교_창동교 서편 by psw,러너코스
다사60255025,송정로 <-> 군자교,러너코스
다사58504475,Yeoksam hill,러너코스
다사64754400,Helio City Park Band Loop,러너코스
다사51504550,φ Noryangjin Park Traverse [South],러너코스
다사72505125,망월천 한바퀴 (시계),러너코스
다사52004400,Segment,러너코스
다사60005125,Sageun-dong Short Climb,러너코스
다사56255450,Segment,러너코스
다사51004825,마포TR 6KM,러너코스
다사46504525,Dosin-ro 9-gil down,러너코스
다사52504475,Seodalsan: The Climb and the Fall,러너코스
다사50254175,Hill from 도림천 to 용천사,러너코스
다사60254275,영동2교-영동3교 (시계방향),러너코스
다사47505350,bulgwang stream(불광천) 5km,러너코스
다사56755575,Segment,러너코스
다사64754975,광장동 381 22 Climb,러너코스
다사49754150,서원동성당-신림3교,러너코스
다사59755225,Cheongy 4.5k out,러너코스
다사59255250,Cheongy 4.5k out,러너코스
다사48255500,bulgwang stream(불광천) 5km,러너코스
다사60004850,[HUMANRACE] 뚝섬TR 10K,러너코스
다사42004850,Segment,러너코스
다사39754250,Yeokgok Stream (역곡천),러너코스
다사48005400,bulgwang stream(불광천) 5km,러너코스
다사41755050,Segment,러너코스
다사51004950,[경의선숲길] 대흥역-공덕,러너코스
다사39505000,MC route A구간,러너코스
다사40005175,Magok Naru Park(M Valley 6&7 Apt.) 1km,러너코스
다사46005525,꽃향기 basic course,러너코스
다사45005000,[10k]신정교_안합_신정교_반시계,러너코스
다사61755050,송정로 <-> 군자교,러너코스
다사62255625,Rose Run 태릉입구-중화,러너코스
다사57254950,Segment,러너코스
다사48005150,성산 파틀렉 1000m,러너코스
다사59755125,Sageun-dong Short Climb,러너코스
다사56505550,Segment,러너코스
다사56505500,Segment,러너코스
다사46504650,문래자이아파트,러너코스
다사47505775,앵봉산 (의무경찰대-보덕사),러너코스
다사60756475,장암동 산160 Climb,러너코스
다사40005200,Magok Naru Park(M Valley 6&7 Apt.) 1km,러너코스
다사51504175,SNU subway to entrance uphill 650m,러너코스
다사48505925,은평뉴타운 - 옆에,러너코스
다사49755150,[돼지런] 연세대학교 대운동장 트랙,러너코스
다사51505525,북한산자락길 (부분 개통),러너코스
다사52754525,Seodalsan: The Climb and the Fall,러너코스
다사65755450,주차장기준 시계방향으로 한바퀴,러너코스
다사71005100,Goduck 6km,러너코스
다사60755400,UOS Track,러너코스
다사44254550,갈산둘레길 CCW,러너코스
다사67254625,Around Seoul Olympic Park ,러너코스
다사49505050,와우산공원 작은한바퀴,러너코스
다사40255175,마곡중앙광장(CCW#2) by JWSWdaddy,러너코스
다사49255025,와우산공원 작은한바퀴,러너코스
다사58254175,Mt. Umyeon (우면산) sidewalk (east),러너코스
다사59254875,[HUMANRACE] 뚝섬TR 10K,러너코스
다사44755050,[10k]신정교_안합_신정교_반시계,러너코스
다사60255825,우이천 월계2교 ~ 꿈의숲SK뷰아파트 103동 앞,러너코스
다사68504250,휴먼링 시계방향(꿈에그린),러너코스
다사47006125,End of the river track (2km),러너코스
다사60755000,송정로 <-> 군자교,러너코스
다사48255525,bulgwang stream(불광천) 5km,러너코스
다사47755175,사천교~홍제천 합수부 왕복(5.0km),러너코스
다사46255575,꽃향기 basic course,러너코스
다사52754950,Segment,러너코스
다사56254475,반포4동 49 6 Climb,러너코스
다사51506250,북한산 둘레길 10코스 / Bukhansan Trail #10(NEW),러너코스
다사41755025,휴레 우장산TR B코스 900m,러너코스
다사60255075,Cheonggyecheon Bicycle Path,러너코스
다사56755450,바람마당~  성북천분수광장,러너코스
다사47755375,bulgwang stream(불광천) 5km,러너코스
다사46755200,상암 월드컵경기장 둘레 한 바퀴,러너코스
다사45505475,꽃향기 basic course,러너코스
다사49505900,은평뉴타운 - 앞에,러너코스
다사69504350,Segment,러너코스
다사51256175,북한산 둘레길 10코스 / Bukhansan Trail #10(NEW),러너코스
다사58255225,Cheongy 4.5k out,러너코스
다사60505900,Segment,러너코스
다사62505375,중랑천 뚝방길 (중랑교 방향),러너코스
다사45505025,성산~가양턴하고~성산 10km 구간-made by 우이리,러너코스
다사59005425,정릉천 1km TT,러너코스
다사61755525,동대문마라톤10K코스,러너코스
다사57755250,Cheongy 4.5k out,러너코스
다사44004400,옥레발 조깅코스,러너코스
다사57506100,우이천 근화교(덕성여대 앞) ~ 우이교,러너코스
다사48004325,보라매후문~1km구간,러너코스
다사52004650,Seoul Flyers 10k Loop,러너코스
다사49754925,마포대교to서강대교,러너코스
다사57254925,Segment,러너코스
다사71005025,Goduck 6km,러너코스
다사49005125,Hongdae walking path,러너코스
다사60756075,도봉 중랑천#1,러너코스
다사58006250,Segment,러너코스
다사40004700,작동 산5 4 Climb,러너코스
다사52754550,Seoul Flyers 10k Loop,러너코스
다사51505550,북한산자락길 (부분 개통),러너코스
다사48006075,End of the river track (2km),러너코스
다사60256225,상계교_창동교 서편 by psw,러너코스
다사49005925,은평뉴타운 실개천 약한 다운힐_by Jake,러너코스
다사48004725,여의도LSD코스-8Km,러너코스
다사58254100,양재천 10K,러너코스
다사51504775,마포TR 6KM,러너코스
다사53504500,Seoul National Cemetery hill climb,러너코스
다사58505225,Cheongy 4.5k out,러너코스
다사48755950,은평뉴타운 - 안에,러너코스
다사57255550,Segment,러너코스
다사58005475,고려대 녹지 운동장 1LAP,러너코스
다사57755350,안암교-보문제1교,러너코스
다사61755850,한천교 → 당현4교,러너코스
다사42004400,오류동역-문화공원 2k,러너코스
다사54504200,Bangbae to Sadang Hill,러너코스
다사54255425,감사원 업힐 - 감사원,러너코스
다사60005200,Yongdu - Sindap - Yongdap,러너코스
다사67504675,Around Seoul Olympic Park ,러너코스
다사41004075,Yeokgok Stream (역곡천),러너코스
다사47753525,Anyang - KwanAc Trail run,러너코스
다사56254750,Hannam Triangle to Bogwang Tunnel,러너코스
다사63755025,Segment,러너코스
다사59504800,잠실TR 10KM,러너코스
다사44504500,오금교-고척교,러너코스
다사61254700,잠실TR 10KM,러너코스
다사60005025,송정로 <-> 군자교,러너코스
다사65254075,대왕파출소까지,러너코스
다사60503875,서초더샵포레 1단지~서초더샵포레 7단지 ,러너코스
다사64004675,lululemon - Han River,러너코스
다사46004575,Shindorim - Ohgeumgyo Loop - Clockwise,러너코스
다사60754825,[HUMANRACE] 뚝섬TR 10K,러너코스
다사56005225,Chilly Hamnida,러너코스
다사54005350,청와대로 동행 Cheongwadae-ro Eastbound,러너코스
다사62255375,동대문마라톤10K코스,러너코스
다사58756000,둘리 VS 고길동,러너코스
다사45504925,[10k]신정교_안합_신정교_반시계,러너코스
다사48754750,여의도공원 (Start/Finish @ Entrance #12),러너코스
다사59754250,영동2교-영동3교 (시계방향),러너코스
다사69004800,일자산공원 (중간트랙 1바퀴 ccw),러너코스
다사58256050,우이천 근화교(덕성여대 앞) ~ 우이교,러너코스
다사62754175,TRB - 대모산 GOGO,러너코스
다사59004175,영동2교와 영동1교 사이,러너코스
다사61505875,한천교 → 당현4교,러너코스
다사72505100,망월천 한바퀴 (시계),러너코스
다사46255600,꽃향기 basic course,러너코스
다사45755500,꽃향기 basic course,러너코스
다사62754400,IrwonMaruPark Big Loop J.K,러너코스
다사47753950,삼성산 시민 휴식 공원 #1,러너코스
다사49753550,Anyang - KwanAc Trail run,러너코스
다사39504975,MC route A구간,러너코스
다사72505075,망월천 한바퀴 (시계),러너코스
다사59254175,시민의숲 to 대치중,러너코스
다사38755325,개화산 언덕,러너코스
다사42005275,한강안쪽 500m 직선도로,러너코스
다사55754925,Namsan loop,러너코스
다사72755050,망월천 한바퀴 (시계),러너코스
다사62004650,잠실보조운동장 400m,러너코스
다사61754350,양재천 1.5km (kooR),러너코스
다사42004175,목감천 5km run,러너코스
다사67754100,휴먼링 북-남(반시계) ,러너코스
다사68004225,휴먼링 시계방향(꿈에그린),러너코스
다사52004600,Seoul Flyers 10k Loop,러너코스
다사49004650,샛강생태공원(E2W),러너코스
다사67754475,성내천 2.7km,러너코스
다사63754775,뚝섬대회10K,러너코스
다사60006625,상도교 → 장암대교 (중랑천 서쪽),러너코스
다사46005550,꽃향기 basic course,러너코스
다사62005550,[HUMANRACE] 중랑TR 5K Course,러너코스
다사51506175,북한산 둘레길 10코스 / Bukhansan Trail #10(NEW),러너코스
다사58255275,성북천 (청계천 - 보문3교),러너코스
다사58504825,잠달(성수대교 언덕훈련) 성수->한남방향(오르막시작 즈음 왼쪽 파란색 한강 이정표->정점 바닥 초록색매트),러너코스
다사55004925,Namsan loop,러너코스
다사49255225,Segment,러너코스
다사65256025,삼육대 트랙(@y0_hee),러너코스
다사58755300,청계램프 - 제기1교,러너코스
다사59255925,둘리 VS 고길동,러너코스
다사60504750,잠실TR 10KM,러너코스
다사42504250,목감천 5km run,러너코스
다사70005200,Goduck 6km,러너코스
다사57006125,우이천 근화교(덕성여대 앞) ~ 우이교,러너코스
다사58255475,Bugaksan-ro climb,러너코스
다사56505475,Segment,러너코스
다사42004200,목감천 5km run,러너코스
다사64505025,광장동 381 22 Climb,러너코스
다사66004625,Around Seoul Olympic Park ,러너코스
다사50003750,삼막사 주차장-철탑 (런 1회전),러너코스
다사66005150,광장동 구리 왕복 10Km,러너코스
다사56005525,Segment,러너코스
다사48503550,Anyang - KwanAc Trail run,러너코스
다사55004650,Seoul Flyers 10k Loop,러너코스
다사59505900,우이천 벼루말교 -초안교,러너코스
다사40254125,Yeokgok Stream (역곡천),러너코스
다사40755350,염강나들목 to 방화대교 (4.5km) [gjpark],러너코스
다사57005725,서경대[Circle],러너코스
다사65254800,(8km) 광나루한강공원 <-> GS25 한강잠실1호점,러너코스
다사42754275,목감천 5km run,러너코스
다사50504875,마포TR 6KM,러너코스
다사45254625,Shindorim - Ohgeumgyo Loop - Clockwise,러너코스
다사42505250,성산~가양턴하고~성산 10km 구간-made by 우이리,러너코스
다사54005375,청와대로 동행 Cheongwadae-ro Eastbound,러너코스
다사49255925,은평뉴타운 실개천 약한 다운힐_by Jake,러너코스
다사63504750,잠실대교>청담대교,러너코스
다사59503650,청계산-(옥녀봉갈림길-매봉),러너코스
다사43254325,목감천 5km run,러너코스
다사44754850,파리공원,러너코스
다사57505075,응봉공원 loop,러너코스
다사52254425,Danjak evergreen decent ,러너코스
다사56006200,△북한산: Ui-Dong Road Climb,러너코스
다사66254350,훼밀리아파트5KM-마트조형물시작,러너코스
다사39504900,MC route A구간,러너코스
다사56256025,북한산 둘레길 3코스 / Bukhansan Trail #3,러너코스
다사62506250,Segment,러너코스
다사49504625,여의도LSD코스-8Km,러너코스
다사64755100,to the ridge of Mt. Acha,러너코스
다사48753975,시흥2동 266 2487 Climb,러너코스
다사44754175,옥레발 조깅코스,러너코스
다사72005200,망월천 한바퀴 (시계),러너코스
다사45005025,Yanghwagyo - Han,러너코스
다사52004700,마포TR 6KM,러너코스
다사59753675,청계산-(옥녀봉갈림길-매봉),러너코스
다사47253725,Segment,러너코스
다사45504625,Crossing - downhill,러너코스
다사55754325,New hill out back,러너코스
다사69754325,항동 128 3 Climb,러너코스
다사50256100,북한산 둘레길 10코스 / Bukhansan Trail #10(NEW),러너코스
다사51755675,홍은1동 산1 70 Climb,러너코스
다사49003925,Anyang - KwanAc Trail run,러너코스
다사58506425,Segment,러너코스
다사48504675,샛강생태공원(E2W),러너코스
다사47753575,Anyang - KwanAc Trail run,러너코스
다사50506050,북한산 둘레길 9코스 / Bukhansan Trail #9,러너코스
다사48253925,관악벽산-호압사,러너코스
다사61506100,중랑천육교↔당현천,러너코스
다사58755250,Cheongy 4.5k out,러너코스
다사47255325,bulgwang stream(불광천) 5km,러너코스
다사68004450,성내천 2.7km,러너코스
다사51505575,북한산자락길 (부분 개통),러너코스
다사51256150,북한산 둘레길 10코스 / Bukhansan Trail #10(NEW),러너코스
다사49506000,이말산 (구파발-하나고),러너코스
다사65754150,율현공원 cc,러너코스
다사65755575,Segment,러너코스
다사48255200,사천교~홍제천 합수부 왕복(5.0km),러너코스
다사54755725,정릉3동 산1 278 Climb,러너코스
다사65504950,광진교(북->남),러너코스
다사62004375,양재천 1.5km (kooR),러너코스
다사63005925,과기대 200m 업힐 @ddamdo,러너코스
다사56756125,Segment,러너코스
다사50756150,북한산 둘레길 10코스 / Bukhansan Trail #10(NEW),러너코스
다사51256225,북한산 둘레길 10코스 / Bukhansan Trail #10(NEW),러너코스
다사51754475,Danjak evergreen decent ,러너코스
다사51254075,서울대트랙,러너코스
다사57753975,Yangjaecheon Mile,러너코스
다사54006200,△북한산: East Gate to Baekundae Gate,러너코스
다사60004050,Segment,러너코스
다사50506150,북한산 둘레길 10코스 / Bukhansan Trail #10(NEW),러너코스
다사62505350,동대문마라톤10K코스,러너코스
다사56505925,Segment,러너코스
다사62505225,동대문마라톤10K코스,러너코스
다사72255150,망월천 한바퀴 (시계),러너코스
다사66254925,광진교(북->남),러너코스
다사55254550,Seoul Flyers 10k Loop,러너코스
다사60753900,서초더샵포레 1단지~서초더샵포레 7단지 ,러너코스
다사54255000,Namsan loop,러너코스
다사61004325,양재천 10K,러너코스
다사58754150,양재천 10K,러너코스
다사63505775,먹골교 Last 1km,러너코스
다사66004175,(헌릉로757길) 1.25K 직선 아스팔트구간,러너코스
다사56255975,Segment,러너코스
다사63005775,먹골교 Last 1km,러너코스
다사58004950,Foot Bridge,러너코스
다사59506625,Segment,러너코스
다사45254100,안양천 코스,러너코스
다사59254800,잠실TR 10KM,러너코스
다사58254950,[HUMANRACE] 뚝섬TR 10K,러너코스
다사67005125,고덕교-광나루공원-고덕교_13k_BY.캐훈,러너코스
다사60004025,Segment,러너코스
다사63005675,봉화산 한바퀴(성덕사 약수터 큰바위),러너코스
다사60004775,잠실TR 10KM,러너코스
다사60504300,양재천 10K,러너코스
다사60256525,상도교 → 장암대교 (중랑천 서쪽),러너코스
다사62505300,동대문마라톤10K코스,러너코스
다사58004250,Mt. Umyeon (우면산) sidewalk (east),러너코스
다사55755000,Namsan loop,러너코스
다사67254425,Detention Center Uphill-2_JK,러너코스
다사67255225,구리암사대교구리,러너코스
다사64004925,광장동 381 22 Climb,러너코스
다사71005050,Goduck 6km,러너코스
다사67254700,Around Seoul Olympic Park ,러너코스
다사61003950,서초더샵포레 1단지~서초더샵포레 7단지 ,러너코스
다사62005425,동대문마라톤10K코스,러너코스
다사62504175,대모-구룡/Daemo-Guryong Ridge,러너코스
다사59505250,Yongdu - Sindap - Yongdap,러너코스
다사70505175,Goduck 6km,러너코스
다사61505900,한천교 → 당현4교,러너코스
다사67505200,구리암사대교구리,러너코스
다사62255575,[휴레] 중랑TT Part 2,러너코스
다사72255175,망월천 한바퀴 (시계),러너코스
