keyword,title,description,link,nouns
서울러닝코스,"서울 러닝코스 추천, 처음 시작하기 좋은 구간은 어디일까",이 점이 러닝을 꾸준히 이어가기 좋은 이유가 됩니다. 오늘은 서울 러닝코스 추천해드리도록... 서울에서 러닝코스로 자주 언급되는 장소는 어디일까 여의도 한강공원은 러닝 인구가 특히 많은 곳입니다. 평지... ,https://blog.naver.com/fing3rscompany/224122802761,"처음,시작,어디,이유,자주,언급,장소,어디,여의도,한강,인구,평지,핑거스,네이버,블로그"
서울러닝코스,접수 일정 참가비 기념품 서울 러닝 코스 10km 5k 달리기,2026 버킷런 마라톤 접수 일정 참가비 기념품 서울 러닝 코스 10km 5k 달리기 버킷런으로 계속... #2026버킷런 #버킷런 #한강러닝대회 #잠실한강공원 #서울러닝 #5km달리기 #10km달리기#러닝 #러닝대회정보... ,https://blog.naver.com/qhadldhaus98/224135966215,"접수,일정,참가,기념품,버킷,접수,일정,참가,기념품,버킷런,계속,골프,여행가,축구,보미,네이버,블로그"
서울러닝코스,서울 송파 러닝 코스 빵런! - 문정 플루엣 &amp; 룰루 베이글,서울 송파 러닝 코스 빵런! 플루엣 &amp; 룰루베이글 2025년 가장 열심히 했던거 중에 하나가 바로... #서울러닝 #송파러닝 #플루엣송파본점 #룰루베이글 #문정동베이커피 #송파빵집 #빵런 #서울러닝코스,https://blog.naver.com/bigway22/224131445215,"송파,빵런,문정,플루,룰루,베이글,송파,빵런,플루,룰루,베이글,가장,하나,바로,모리,여행,네이버,블로그"
서울러닝코스,2026 서울유아차런 훈련 고양시 러닝코스 성사체육공원 추천,1km 구간 중 초반 200m 및 후반 150m 그러니까 약 350m 구간이 업힐이며 나머지는 평지와 내리막으로 되어 훈련하기 딱 좋은 고양시 러닝코스이죠. 금번 2026 서울유아차런은 8km 러닝이 예정되어 있기에 비슷한... ,https://blog.naver.com/enterside/224225035937,"유아차,고양시,성사,체육,초반,후반,업힐,나머지,평지,내리막,고양시,금번,유아차,예정,아빠,네이버,블로그"
서울러닝코스,티켓팅 신청 예매 방법 서울 러닝 잉어킹 마라톤 코스,"오늘은 2026 포켓몬런 서울 일정과 티켓 예매 방법, 코스 정보를 한 번에 정리해볼게요. 포켓몬런 행사 정보 포켓몬런은 포켓몬 IP를 활용한 테마형 러닝 이벤트예요. 기록 경쟁 중심 마라톤이라기보다 캐릭터... ",https://blog.naver.com/jini4998/224202408668,"티켓팅,신청,예매,방법,잉어킹,포켓몬,일정,티켓,예매,방법,정보,정리,포켓몬,행사,정보,포켓몬,포켓몬,활용,테마,이벤트"
서울러닝코스,예방하는 회복 러닝? 서울 5km 벚꽃 러닝코스와 골반 밀기,회복 러닝을 하며 자세를 교정하기에 서울 내에서 이만한 연습실이 또 있을까 싶습니다. 다만... 운동화끈묶는법 #서울러닝코스 #벚꽃러닝코스 #성내천러닝 #올림픽공원러닝 #송파러닝 #2주챌린지... ,https://blog.naver.com/dee7781/224241958154,"예방,회복,벚꽃,골반,회복,자세,교정,이만,연습실,다만,화끈,블로그,네이버,블로그"
서울러닝코스,서울 초보 러닝 코스 추천 어린이대공원 붕어빵런 5KM 달리기,오늘 소개해 드릴 곳은 서울 러닝 코스 중 초보자들이 뛰기 좋은 '어린이대공원'을 소개해 드리려고 합니다! :) 완주하면 붕어빵 모양으로 뛸 수 있어서 '붕어빵런'으로도 유명해요! [서울 초보 러닝 코스... ,https://blog.naver.com/sinnyarea/224131004045,"초보,어린이,붕어빵,소개,드릴,초보자,어린이,소개,완주,붕어빵,모양,붕어빵,초보,사계절,아웃도어,안내서,네이버,블로그"
서울러닝코스,2026 포켓몬런 마라톤 신청 서울 러닝 코스 접수 예매 티켓팅... ,"2026 포켓몬런 마라톤 신청 서울 러닝 코스 접수 예매 티켓팅 방법 어린이날 행사 굿즈 참가상품 뚝섬... 테마 러닝 이벤트로, 서울 광진구 뚝섬 한강공원 수변무대(강변북로 139)에서 진행됩니다. 비경쟁... ",https://blog.naver.com/miha1023/224201547581,"포켓몬,신청,접수,예매,티켓팅,포켓몬,신청,접수,예매,티켓팅,방법,어린이날,행사,참가,상품,뚝섬,테마,이벤트,광진구,뚝섬"
서울러닝코스,서울 힐링 러닝 코스! 한양도성길 트레일 러닝 후기,서울 힐링 러닝 코스! 한양도성길 트레일 러닝 후기 서울 힐링 러닝 코스! 한양도성길 트레일 러닝 후기... 한양도성길은 단순히 서울 러닝 코스라고 생각하고 접근하면 생각보다 훨씬 힘들게 느껴질 수 있습니다.... ,https://blog.naver.com/sjsg0079/224257365254,"힐링,한양도성,트레일,후기,힐링,한양도성,트레일,후기,힐링,한양도성,트레일,후기,한양도성,접근,일상,여행,여행,네이버,블로그"
서울러닝코스,서울 러닝 코스 여의도 고구마런 후기,해결되는 서울 러닝 코스를 찾는 분들께 이번 여의도 고구마런 후기가 꽤 도움이 될 것 같아요. 이날은 여의나루역 러너스테이션에서 출발해서 여의도 한강공원 쪽으로 이어지는 약 8km 코스를 달렸습니다. 러닝... ,https://blog.naver.com/feed_pocket/224251023037,"여의도,고구마,후기,해결,여의도,고구마,후기,도움,여의나루역,러너,스테이션,출발,여의도,한강,피드,두루,주머니,네이버,블로그"
서울러닝코스,[서울 러닝 코스] 한강 러닝 코스 추천 | 당산역... ,요즘 주말 나의 낙 서울 러닝 명소 찾아다니기 지하철역이랑 바로 이어져서 한강 러닝 할 수 있는 코스가 있다길래 토요일 눈 뜨자마자 출바알 ✨ 당산역 4번 출구로 나오면 바로 한강공원 가는 길이... ,https://blog.naver.com/ju_hyun1031/224238803137,"한강,당산역,요즘,주말,명소,지하철역,바로,한강,토요일,바알,당산역,출구,바로,한강,길이,네이버,블로그"
서울러닝코스,서울 러닝코스 추천 (남산공원•위례호수공원 +포천산정호수),새로운 러닝코스 추천입니다 :-)/ 서울 • 서울 근교 러닝하기 좋은 곳  첫번째는 #남산둘레길 #남산 조금... 갑니당 ⬇️⬇️⬇️⬇️⬇️ #러닝코스 #서울러닝코스 #러닝코스추천 #서울러닝코스추천... ,https://blog.naver.com/dmsal217/224065126599,"남산,위례,호수,포천,산정호수,근교,조금,네이버,블로그"
서울러닝코스,[서울 러닝 코스 추천] 영상 5도~10도 러닝 옷차림 완벽... ,드린 서울의 예쁜 코스들 중 마음에 드는 곳을 골라 이번 주말 가볍게 5km부터 시작해 보는 건 어떨까요? 안전하고 즐거운 러닝 되시길 응원합니다! #영상5도러닝 #영상10도옷차림 #러닝복장추천 #서울러닝코스... ,https://blog.naver.com/yeepi01/224214350293,"영상,옷차림,완벽,마음,주말,부터,시작,응원,스노보드,자덕,네이버,블로그"
서울러닝코스,서울 러닝 코스 추천 및 후기(1),되겠습니다 러닝 코스 요약 #1. RM 숲에서 출발 우선 시작 장소는 잠실한강공원에 위치한 RM 숲입니다. 지하철 2호선을 타고 잠실새내역에서 하차한 뒤 6번 혹은 7번 출구로 나와서 약 800m 걸어가야 (직진)합니다.... ,https://blog.naver.com/seungjun-fanpage/224253393989,"후기,요약,출발,우선,시작,장소,잠실,한강,위치,지하철,호선,타고,잠실,하차,출구,직진,승준,블로그,네이버,블로그"
서울러닝코스,2026 서울 하프 마라톤 일정 러닝 코스 하프 10km 달리기,2026 서울 하프 마라톤 일정 러닝 코스 하프 10km 달리기 2026 서울하프마라톤은 4월 26일 서울 도심 일대에서 개최됩니다. 광화문광장에서 출발하여 여의도와 상암동을 잇는 이번 대회는 하프마라톤... ,https://blog.naver.com/qhadldhaus98/224258685947,"하프,일정,하프,하프,일정,하프,하프마라톤,도심,일대,개최,광화문,광장,출발,여의도,상암동,대회,하프마라톤,골프,여행가,축구"
서울러닝코스,서울 한강 러닝 코스 &amp;  한강버스 잠실선착장 테라로사 카페... ,서울 한강 러닝 코스 테라로사 카페 &amp; 한강공원 모래놀이터 요즘 러닝 하기 너무 좋은 계절인데요! 오늘은 서울 한강 러닝 코스와 러닝 후 가기 좋은 테라로사 카페 자세히 소개해 드릴게요:) 한강러닝 코스 1.... ,https://blog.naver.com/bigway22/224256698423,"한강,한강,버스,잠실,선착장,테라로사,카페,한강,테라로사,카페,한강,모래,놀이터,요즘,계절,한강,가기,테라로사,카페,소개"
서울러닝코스,"1/4 서울 러닝코스, 여의도공원 8km 러닝, 더현대서울 구경... ",13km 기록 확실히 러닝을 처음 시작했을때보다 빨라졌다. 초반에는 5분 페이스대로 달리기도 하고 전체적으로 6분 초반대로 가능한 상황 체력이 확실히 좋아졌어 :) 여의나루역에 나온김에 더현대서울 구경을... ,https://blog.naver.com/najilong5027/223715067902,"여의도,현대,구경,기록,처음,시작,초반,전체,초반,상황,체력,여의나루역,현대,구경,즐거움,여자,네이버,블로그"
서울러닝코스,일산 서울 한강 러닝 코스 27km lsd 러닝 코스 GPX첨부,마포에서 일산호공 서울에서 일산 LSD 러닝 코스 단톡방에도 물어보고 인터넷도 뒤져보고 조금의 정보는 있었지만 코스가 별로라거나 자세한 정보를 알 수 없어서 직접 달려봤습니다. 대략 가양대교에서... ,https://blog.naver.com/kaeback2/224109072674,"일산,한강,첨부,마포,일산,호공,일산,톡방,인터넷,보고,조금,정보,로라,거나,정보,직접,대략,가양대교,강트,퍼스"
서울러닝코스,7979 서울 러닝크루 모집 수준별 야간 러닝 코스 정보,"10월까지 매주 목요일 저녁에 운영되는 7979 서울 러닝크루가 진행됩니다. 광화문, 반포, 여의도 등 수준별 코스와 전문가의 코칭, 안전한 런티켓 캠페인 정보를 정리합니다. 바쁜 일상 속에서 건강을 챙기기란... ",https://blog.naver.com/dysnomia/224256209216,"크루,모집,수준별,야간,정보,목요일,운영,크루,진행,광화문,반포,여의도,수준별,전문가,코칭,티켓,캠페인,정보,정리,일상"
서울러닝코스,서울 5KM 달리기 러닝 코스 추천 어린이대공원 붕어빵런,서울 5km 달리기 러닝 코스 어린이대공원 붕어빵런 안녕하세요! 광진구 SNS 서포터즈 산시니입니다... 이색적인 서울 러닝 코스 꼭 코스를 고정하지 않고 귀여운 동물 친구들이 있는 동물원을 가로질러 뛰거나... ,https://blog.naver.com/sinnyarea/224199498633,"어린이,붕어빵,어린이,붕어빵,광진구,서포터즈,산시,이색,고정,동물,동물원,사계절,아웃도어,안내서,네이버,블로그"
서울러닝코스,성북천 산책로 서울 혼자여행 러닝코스 추천,"서울혼자여행이나 러닝코스, 산책할 곳을 찾고 계신다면 여기는 꼭 한 번 걸어보시길 추천드릴게요! 다음에도 또 다른 장소로 찾아올게요. 감사합니다 :) 도움이 되셨다면 팬 하기 눌러주세요 ♥️",https://blog.naver.com/who_u_who/223919691513,"성북천,산책로,여행,여행,산책,다음,다른,장소,도움,모리,네이버,블로그"
서울러닝코스,자연과 함께하는 서울 러닝코스 추천해요!,"탁 트인 하늘과 바람이 함께 해주는 이 출발 지점은 서울 러닝 코스 중에서도 손에 꼽고 싶을... 길이라 러닝 초보자도 속도내기 좋아요 • 흙길+자연+조용함+서울 시내 뷰+ 한강 → 이 조합, 대체 불가능 코스... ",https://blog.naver.com/prmapo77/223966897335,"자연,하늘,바람,출발,지점,길이,초보자,속도,내기,흙길,자연,시내,한강,조합,대체,불가능,마포,구청,공식,블로그"
서울러닝코스,시 무릎 통증&quot; 잡는 상체 이완법? 서울 5km 벚꽃 러닝코스 추천,특히 성내천에서 올림픽공원을 잇는 이 벚꽃 러닝코스는 서울 내에서 보기 드문 '고저 차가 적은... 상체이완 #러닝자세 #달리기자세 #운동화끈묶는법 #러닝화추천 #서울러닝코스 #벚꽃러닝코스 #성내천러닝... ,https://blog.naver.com/dee7781/224238913094,"무릎,통증,상체,이완,벚꽃,성내천,올림픽,벚꽃,보기,고저,상체,이완,블로그,네이버,블로그"
서울러닝코스,"양재천 벚꽃 러닝 후기, 서울 봄 산책 러닝코스 여기 하나면 끝!",#양재천러닝 #양재천벚꽃 #서울러닝코스 #벚꽃러닝 #서울벚꽃명소 #러닝코스추천 #서울달리기 #봄러닝 #러닝일상 #런스타그램 #러닝기록 #서울운동 #야외운동 #러닝스타그램 #벚꽃명소 #서울산책코스 #운동기록... ,https://blog.naver.com/minsanity-/224241559588,"양재천,벚꽃,후기,산책,여기,하나,서약,네이버,블로그"
서울러닝코스,서울 트레일러닝 코스 추천 BEST 7: 입문부터 서울트레일런... ,"서울 트레일러닝 코스 추천 BEST 7: 입문부터 서울트레일런 대회 준비까지 난이도별 완벽 정리! 산과 도심을 넘나들며 달리는 매력, 트레일러닝(Trail Running)의 계절이 돌아오고 있습니다. 단순히 평지를 달리는... ",https://blog.naver.com/ohayo11/224192536824,"트레일,입문,트레일,트레일,입문,트레일,대회,준비,난이도,완벽,정리,도심,매력,트레일,계절,평지,여행,어학,건강,행복"
서울러닝코스,2026년 4월 3주차 서울 마라톤 대회 총정리! (+러닝 코스 주말... ,"러닝, 라이딩하기 딱 좋은 따뜻한 봄날, 4월 셋째 주 주말을 뜨겁게 달굴 서울 지역 마라톤 및 러닝 대회 소식에 실전 러닝을 위한 코스별 자전거 도로(자도) 주의사항까지 꽉꽉 채워 정리해 왔어요!... ",https://blog.naver.com/yeepi01/224253190896,"주차,대회,정리,주말,라이딩,봄날,주말,지역,대회,소식,실전,자전거,도로,자도,주의,사항,정리,스노보드,자덕,네이버"
서울러닝코스,“서울 한복판에서 10K 트레일러닝?” 한양도성길 남산·낙산... ,https://naver.me/xIFvi2sH https://naver.me/xm0g4tka https://naver.me/Fdo6oPGk #한양도성길 #트레일러닝 #서울트레일러닝 #남산러닝 #낙산러닝 #서울러닝코스 #트레일러닝코스 #서울등산코스 #러너추천코스 #러닝기록,https://blog.naver.com/nan0709/224206572549,"복판,트레일,한양도성,남산,낙산,러니윤,비비드,라이프,네이버,블로그"
서울러닝코스,2026 더레이스 서울 21K... 하프마라톤 10km달리기 러닝 코스,2026 더레이스 서울 21k 마라톤 일정 추가접수 하프마라톤 10km 달리기 러닝 코스 서울 도심을 달리는 러닝 대회는 매년 경쟁이 치열합니다. 정규 접수가 마감된 뒤 취소 및 환불로 발생한 잔여 좌석을... ,https://blog.naver.com/qhadldhaus98/224199727829,"레이스,하프마라톤,레이스,일정,추가,접수,하프마라톤,도심,대회,매년,경쟁,정규,접수,마감,취소,환불,발생,좌석,골프,여행가"
서울러닝코스,서울 봄 러닝 코스 추천 5 - 마이 웰니스 로그로 나만의 러닝... ,"❺ 남산 순환 + 한강 연계 코스 상급 러닝 코스, 10km, 업힐 포함, 장거리 대비 훈련 *출처: 서울특별시 내 손안에 서울 서울 러닝 코스 중 고도감이 가장 뚜렷한 루트예요. 남산 정상에서 내려다보는 봄 서울 뷰는... ",https://blog.naver.com/indigo_store/224253249340,"마이,웰니스,로그,남산,순환,한강,상급,업힐,포함,장거리,대비,출처,서울특별시,손안,도감,가장,루트,남산,정상,인디고"
서울러닝코스,[서울 러닝코스 추천 6탄]경희대학교 업힐런 러닝 후기,정릉천-성북천 https://m.blog.naver.com/gunbbang930/224187444720 #경희대러닝#서울러닝 #서울러닝코스 #러닝코스 #운동 #다이어트 #행복 #뛰기 #걷기 #대학교러닝 #러너 #기안84 #행복 #사랑 #정릉천 #경희대학교 #낭만,https://blog.naver.com/gunbbang930/224203215517,"경희대학교,업힐런,후기,정릉천,성북천,채피,니스,세상,네이버,블로그"
서울러닝코스,"서울 러닝코스 추천 (서울숲, 뚝섬한강, 반포 등)",다음주는 속초룰 달려볼게요! 공감/댓글은 컨텐츠 제작에 힘이 됩니다. 감사해요 #서울러닝코스 #남산러닝코스 #반포러닝 #한강러닝 #서울숲러닝 #서울숲한강 #붕어빵런,https://blog.naver.com/yellownoda/223981802252,"서울숲,뚝섬,한강,반포,다음주,속초,공감,댓글,컨텐츠,제작,네이버,블로그"
서울러닝코스,서울 러닝코스 추천 3.5km 자전거없는 남산둘레길 가는법,"길, 서울 런닝하기 좋은 곳 등 다양하게 즐길 수 있는 서울 러닝코스 추천 장소 소개해 봅니다. 서울... 코스도 서울 런닝하기 좋은 곳 중 하나로 러닝코스 추천 3.5km 구간이라 나름 뛰는 재미가 있습니다.",https://blog.naver.com/oisuloi/224045210314,"자전거,남산,둘레길,런닝,장소,소개,런닝,하나로,나름,재미,네이버,블로그"
서울러닝코스,서울 러닝 코스 장소 5km 달리기 옥수나들목 가는 법 짐 보관 팁,"오늘은 옥수나들목까지 가는 법부터, 5km 달리기 코스, 짐 보관 꿀팁까지 한 번에 정리해 드릴게요... 바로 서울 사는 재미구나’ 싶더라고요. 특히 잠수교는 서울 러닝 코스 명소로도 유명해서 많은 러닝... ",https://blog.naver.com/sinnyarea/224059427977,"장소,옥수,나들목,보관,옥수,나들목,보관,꿀팁,정리,바로,재미,구나,잠수교,명소,사계절,아웃도어,안내서,네이버,블로그"
서울러닝코스,서울 러닝코스 추천 사당역부터 예술의전당까지,서울 러닝 코스로 사당역 예술의전당 코스에서 얼마 없는 평지코스다. 잠깐이지만 몸이 회복되는 구간이다. 오랜만에 보는 서울 둘레길 팻말. 작년에 둘레길 다 돌고 벌써 1년이 돼버렸다. 잠깐의 평지 길을... ,https://blog.naver.com/1manbo/224061568919,"사당역,예술의전당,사당역,예술의전당,얼마,평지,잠깐,회복,둘레길,팻말,작년,둘레길,벌써,잠깐,평지,에세이,네이버,블로그"
서울러닝코스,"잠실 팝업 롯데월드몰 서울 놀거리 석촌호수 러닝 코스, 무조건... ","잠실 팝업 롯데월드몰 서울 놀거리 석촌호수 러닝 코스, 무조건 달려가세요! 글 · 사진 | 모리송 요즘 날씨가 부쩍 따뜻해지면서 가벼운 옷차림으로 마라톤이나 러닝 뛰러 나가시는 분들 정말 많으시죠? 마침... ",https://blog.naver.com/who_u_who/224254668120,"잠실,팝업,롯데,월드,석촌호수,무조건,잠실,팝업,롯데,월드,석촌호수,무조건,사진,모리,요즘,부쩍,옷차림,나가시,정말,마침"
서울러닝코스,서울 러닝코스 댕댕런 강아지런 코스 지도 gpx 8.7km 완주,왕크왕귀 댕댕이와 함께 서울 러닝코스 강아지런 코스 지도를 따라서 산책을 하고 왔어요! 저는 아래와... 강아지런 코스 시간으로 러닝을 감안하자면... 초보자는 1시간 좀 넘게 걸릴거 같구요~ 러닝을 좀... ,https://blog.naver.com/goldendaebak/224134628217,"댕댕,강아지,지도,완주,왕귀,댕댕,강아지,지도,따라서,산책,아래,강아지,감안,초보자,네이버,블로그"
서울러닝코스,제11회 서울 트레일런 마라톤 대회 정보 트레일러닝 코스... ,"서울 트레일러닝 대회 코스 109K (울트라 코스) 출발 일시: 2026년 4월 17일(금) 16:00 참가비: 280,000원 특징: 서울의 주요 산줄기를 모두 연결하는 이번 대회의 정점입니다. 무박 2일간의 사투를 통해 자신의... ",https://blog.naver.com/a135k/224251319634,"트레일,대회,정보,트레일,트레일,대회,울트라,출발,일시,참가,특징,주요,산줄기,모두,대회,정점,무박,사투,통해,자신"
서울러닝코스,서울 벚꽃런 몽마르뜨공원 러닝 코스,없이 마라톤을 할 수 있음 관심 있는 분들은 뛰뛰ㄱㄱㄱ  기간: 3월 21일 ~ 4월 30일  참가비: 3만원  코스: 4.5km / 9.5km 선택 가능 #서울벚꽃 #벚꽃러닝 #서리풀공원 #몽마르뜨공원 #벚꽃런 #서울러닝코스 #랭킹마라톤,https://blog.naver.com/ddmjk/224256284744,"벚꽃,몽마,르뜨,관심,기간,참가,선택,가능,재미,네이버,블로그"
서울러닝코스,서울 마포구 상암 하늘공원·노을공원 추천 러닝 코스 후기,러닝이 아니라 힐링 그 자체…  다음에는 시계반대방향으로도 한번 달려보고 싶네요 ^^ #상암러닝 #하늘공원러닝 #노을공원러닝 #상암러닝코스 #서울러닝코스 #마포러닝 #러닝성지 #도심러닝 #일몰러닝 #서울러닝... ,https://blog.naver.com/yeepi01/224077996644,"마포구,상암,하늘,노을,후기,힐링,자체,다음,시계,한번,보고,스노보드,자덕,네이버,블로그"
서울러닝코스,제23회 동계국제마라톤대회 서울 마라톤 일정 러닝 코스 풀... ,"제23회 동계국제마라톤대회 서울 마라톤 일정 러닝 코스 풀 하프마라톤 10km 5km 달리기 겨울 러닝 시즌을 상징하는 대회는 많지 않습니다. 차가운 공기와 단단한 노면, 그리고 페이스 관리가 더 중요해지는... ",https://blog.naver.com/qhadldhaus98/224148396201,"동계,국제,대회,일정,동계,국제,대회,일정,하프마라톤,겨울,시즌,상징,대회,공기,노면,관리,골프,여행가,축구,보미"
서울러닝코스,서울에서 뛰기 좋은 야간러닝코스 (나이트런) 추천,선선한 밤바람을 맞으며 달려보는 것은 어떠신가요? #러닝 #러닝코스 #서울러닝코스 #러닝명소 #서울러닝명소 #러닝하기좋은장소 #러닝하기좋은한강 #러닝명소추천 #러닝코스추천 #서울러닝코스추천,https://blog.naver.com/haionnet2020/224233938110,"야간,나이트런,선선,밤바람,가요,하이,아이피,공식,블로그,네이버,블로그"
서울러닝코스,서울러닝코스 잠수교 5km 10km 러닝코스 공영주차장,싶더라구요 서울러닝코스를 찾아보던 중 러너들이 여름에 자주 뛰는 인스타에서 많이 본 잠수교러닝코스가 눈에 띄더라구요 잠수교 - 동호대교 (약 10km) 코스로 뛰려했으나 동작대교(약 5km) 로 뛰고 왔지만 뭐... ,https://blog.naver.com/gkdmsgkfn/224210909066,"잠수교,공영,주차장,러너,여름,자주,인스타,잠수교,잠수교,동호대교,동작대교,네이버,블로그"
서울러닝코스,[서울 러닝코스 추천 5탄]중랑천 월릉교-장안교 9km 러닝  후기,#중랑천러닝 #러너 #마라톤준비 #마라톤 #러닝 #다이어트 #중랑천 #행복 #사랑 #뛰기 #걷기 #기안84 #나혼자산다 서울 러닝 코스 추천 시리즈 1.서 울 과 기 대 https://m.blog.naver.com/gunbbang930/224170353048 2.보 라 매... ,https://blog.naver.com/gunbbang930/224195903849,"중랑천,월릉교,장안,후기,시리즈,채피,니스,세상,네이버,블로그"
서울러닝코스,서울 러닝 코스 올림픽공원 러닝 &amp; 단풍 -빵집 추천... ,오늘은 서울 러닝코스로 좋은 올림픽공원 단풍과 근처 함께 가면 좋은 베이커리 카페인 르보마리아쥬 소개해 볼게요! 올림픽공원으로 뛰는 러닝코스의 시작은 석촌호수였어요. 제가 가장 많이 뛰는곳이... ,https://blog.naver.com/bigway22/224084412055,"올림픽,단풍,빵집,올림픽,단풍,가면,베이커리,카페인,르보마리아쥬,소개,올림픽,시작,석촌호수,가장,모리,여행,네이버,블로그"
서울러닝코스,"주말 서울러닝코스, 한강 마곡나들목 ~ 가양대교 6km 러닝... ","전일 매봉산~남산 트래킹을 해서 쉴까했으나, 코스가 너무 쉬었던걸까? 타격감이 없어서 러닝을 하러... 서울식물원 제2공영주차장에 주차하고, 한강공원 마곡나들목에서 왕복 6km 정도 뛰기로 했다. 편도 3km 되는... ",https://blog.naver.com/najilong5027/223747941106,"주말,한강,마곡,나들목,가양대교,전일,매봉산,남산,트래킹,격감,식물원,주차장,주차,한강,마곡,나들목,왕복,편도,즐거움,여자"
서울러닝코스,"마곡식물원, 서울러닝코스 추천_튤립, 수선화가 예쁜 러닝코스... ",오늘은 봄날 뛰기 좋은 서울 러닝 코스를 추천해드리려고 합니당 퇴근하고 마곡식물원으로 러닝... 행복 러닝을 할 수 있어요! 요기는 수선화 밭 에서 뛰는 나 한강까지 이어지는 코스 서울식물원을 뛰는 방법은... ,https://blog.naver.com/hyeon73dc/224255514964,"마곡,식물원,튤립,수선화,봄날,퇴근,마곡,식물원,행복,요기,수선화,한강,식물원,방법,라미,쳇바퀴,네이버,블로그"
서울러닝코스,서울 러닝 코스... 광진구까지 (중랑천길) LSD 코스 추천,"미드컷 러닝양말과 함께 뛰었습니다. 서울 러닝 코스 LSD 코스 추천 - 중랑장미공원 이날은 친구와 함께... 중랑, 서울 장미축제를 하는 중랑 장미공원이에요 여기서 장미 마라톤도 진행했었다고 해요... ",https://blog.naver.com/kayta2/224246647118,"광진구,중랑천,미드,양말,중랑,장미,중랑,장미,축제,중랑,장미,여기,장미,진행,네이버,블로그"
서울러닝코스,러닝크루 주목! 제이엘브 이벤트 서울 러닝코스 정보,"그런데 이번에는 대표적인 서울 러닝코스를 완주하면서, 동시에 특별한 선물까지 받을 수 있는... 있어 서울 나들이를 겸한 러닝코스로 추천합니다. 서울의 랜드마크와 자연이 어우러진 5개 러닝 코스... ",https://blog.naver.com/nicenet/224023619006,"크루,주목,제이,이벤트,정보,대표,완주,동시,선물,나들이,랜드마크,자연,근육,요정,알프,네이버,블로그"
서울러닝코스,트레일러닝 :: 서울 벚꽃 러닝명소  / 서울 둘레길 트레킹코스,재밌게 잘 훈련했습니다  #구로올레길 #구로둘레길 #구로올레길 #천왕산 #개웅산 #매봉산 #트레일러닝 #서울트레일러닝 #구로올레길트레일러닝 #트레일러닝훈련 #서울둘레길 #구로둘레길코스 #서울트레일러닝코스,https://blog.naver.com/chita000/224250307624,"트레일,벚꽃,명소,둘레길,트레킹,월세,세계,여행,네이버,블로그"
서울러닝코스,서울 러닝 코스 추천 | 여의도  고구마런 (코스 안내 + GPX 공유),서울 러닝 코스 추천 1 : 여의도 고구마런 8km 후기 + gpx 공유 2026. 4. 7 (화) 저녁 달리기 안녕하세요 지난... 앞으로 서울의 러닝코스 많이 소개할게요 ! #여의도러닝 #서울러닝 #벚꽃러닝 #러닝코스 #달리기... ,https://blog.naver.com/mychsworld/224246502327,"여의도,고구마,안내,공유,여의도,고구마,후기,공유,소개,네이버,블로그"
서울러닝코스,서울러닝코스 추천 뚝섬역 서울숲 연남동 효창공원역... ,서울 러닝 코스 추천: 초보자부터 고급자까지 수준별 완벽 정리 서울 도심 한가운데에서도 상쾌한... 서울숲 공원 러닝 코스 (초보자 추천) 위치: 성동구 | 지하철 2호선 뚝섬역 또는 분당선 서울숲역 거리: 약 3~4km... ,https://blog.naver.com/roh339/223890541798,"뚝섬역,서울숲,연남동,효창공원역,초보자,고급,수준별,완벽,정리,도심,한가운데,서울숲,초보자,위치,성동구,지하철,호선,뚝섬역,분당선,서울숲"
서울러닝코스,2025 서울 라이프 마라톤 일정 하프마라톤 10K·5K 러닝 코스,"2025 서울 라이프 마라톤 일정 하프마라톤 10K·5K 러닝 코스 서울 라이프마라톤은 상암 평화의공원 일대에서 진행되며, 하프·10K·5K 세 종목으로 운영됩니다. 각 코스는 별도의 반환점을 기준으로... ",https://blog.naver.com/qhadldhaus98/224076648373,"라이프,일정,하프마라톤,라이프,일정,하프마라톤,라이프,상암,평화,일대,진행,하프,종목,운영,별도,반환,기준,골프,여행가,축구"
서울러닝코스,"러닝 후기, 도심 속 호수뷰 서울 달리기 명소 러닝코스 추천",#석촌호수 #석촌호수러닝 #석촌호수코스 #서울러닝코스 #잠실러닝 #서울달리기 #러닝코스추천 #서울러너 #호수뷰러닝 #도심러닝 **종아리 압박 회복에 최고! 러닝용품 추천,https://blog.naver.com/yeepi01/223999691424,"후기,도심,호수,명소,종아리,압박,회복,최고,용품,스노보드,자덕,네이버,블로그"
서울러닝코스,서울 동작러닝코스 추천｜동작역-이촌-국립중앙박물관 6~7km... ,서울 동작러닝코스 추천｜동작역-이촌-국립중앙박물관 6~7km 한강 겨울 러닝 후기 안녕하세요. 다시... #동작역러닝#한강러닝코스#반포한강공원 #잠수교러닝#이촌한강공원 #국립중앙박물관러닝#서울러닝코스... ,https://blog.naver.com/nan0709/224176014190,"동작,동작역,이촌,국립,중앙,박물관,동작,동작역,이촌,국립,중앙,박물관,한강,겨울,후기,다시,한강,반포,한강,이촌"
서울러닝코스,서울 러닝코스 과기대 트랙 깔끔하게 1시간에 10km,#서울러닝코스 #서울과기대트랙 16시 56분 소나기가 내린 직후라 트랙이 조금 젖어있고 공기는 살짝... 깔끔하게 러닝을 마친다 ㅎㅎ 간만에 10km를 뛰었는데 역시나 쉽지는 않다 땀도 많이 나고 수분도... ,https://blog.naver.com/layups/223564714467,"과기대,트랙,소나기,직후,트랙,조금,공기,살짝,간만,역시,수분,서른즈음에,아웃도어,네이버,블로그"
서울러닝코스,[서울 러닝 코스 추천 1탄]서울과기대 8km 러닝[feat 체력 이슈],여의도 공원 https://m.blog.naver.com/gunbbang930/223769171757 #러닝 #러닝코스 #운동 #소지섭 #눈사람 #서울러닝코스 #러닝크루 #걷기 #뛰기 #다이어트 #마라톤준비 #마라톤연습 #서울과기대운동장 #공릉동맛집,https://blog.naver.com/gunbbang930/224170353048,"과기대,체력,이슈,여의도,채피,니스,세상,네이버,블로그"
서울러닝코스,서울 한강 러닝 코스 추천 10km 여의도공원... ,"있죠 ,,,,,,,,,, 서울 스프링 페스티벌이라고 먹거리도 엄청 많아요 여의도 한강공원에 크루즈도 있고... 소통해요  #한강러닝코스 #서울러닝코스 #10km러닝 #여의도러닝 #러닝코스추천 #한강운동 #러닝일기... ",https://blog.naver.com/blue_wish_/224253501513,"한강,여의도,스프링,페스티벌,먹거리,여의도,한강,크루즈,소통,블로그,네이버,블로그"
서울러닝코스,[서울 러닝 코스] 여의도 러닝 코스 총정리 (2.5km ~ 15km... ,"코스 선택에 따라 초보부터 장거리 훈련까지 모두 가능한데요. 오늘 컨디션에 맞는 코스를 골라 한 번 달려보세요! 한강, 여의도, 그 다음은 어디? 서울의 하천 러닝 코스는 아래 글에서 확인해 보세요.",https://blog.naver.com/pila_writer/224248402426,"여의도,정리,선택,초보,장거리,모두,컨디션,한강,여의도,다음,어디,하천,아래,확인,무보,노트,필라테스,네이버,블로그"
서울러닝코스,서울 러닝 코스 추천 북촌 런허브 러닝화 대여하고 댕댕런 안암... ,#북촌러닝 #댕댕런 #나혼자산다댕댕런 #서울러닝코스 #이색러닝코스 #뉴발란스런허브 #런허브북촌 #러닝화대여 #퓨어셀레벨v5 #북촌안암 #미슐랭돼지국밥 #굿러너컴퍼니 #굿러너컴퍼니북촌 #삼청동호떡,https://blog.naver.com/kirruazz/224231482511,"북촌,허브,대여,댕댕,안암,먹기,위해,여자,라이프,네이버,블로그"
서울러닝코스,가을에 달리기 좋은 서울 러닝코스 추천,"웰라이프 매거진에서 서울 도심 속에서 가볍게 달리기 좋은 러닝코스를 추천해 드릴게요. 추천 러닝코스 1. 노들섬 코스 노들섬은 한강에 위치한 인공섬으로, 섬을 한 바퀴 돌며 한강의 탁 트인 전경을 감상할... ",https://blog.naver.com/wellifeblog/223610091078,"가을,라이프,도심,노들섬,노들섬,한강,위치,인공,바퀴,한강,전경,감상,대상,라이프,공식,블로그,네이버,블로그"
서울러닝코스,서울 K 마라톤 대회 일정 러닝 코스 하프마라톤 10km 달리기,#서울K마라톤 #서울마라톤 #마라톤대회 #러닝대회 #하프마라톤 #10km러닝 #광화문마라톤 #서울러닝 #러닝코스 #마라톤일정 #러닝정보 #국내마라톤 #서울마라톤일정,https://blog.naver.com/qhadldhaus98/224222913307,"대회,일정,하프마라톤,골프,여행가,축구,보미,네이버,블로그"
서울러닝코스,2026 서울 마라톤 일정 러닝 코스 기념품 셔틀버스 총정리... ,청계천을 지나고 성수를 지나 잠실까지 이어지는 길. 그 길 위에서 수만 명의 러너들이 같은 방향으로 달립니다. #2026서울마라톤 #서울마라톤코스 #러닝대회 #러닝 #마라톤 #서울마라톤일정 #러닝 #10km달리기,https://blog.naver.com/qhadldhaus98/224207019901,"일정,기념품,셔틀버스,정리,청계천,성수,지나,잠실,수만,명의,러너,골프,여행가,축구,보미,네이버,블로그"
서울러닝코스,서울 마라톤 일정 한강시민 마라톤 대회 러닝 코스... ,제22회 한강시민 마라톤 대회 서울 마라톤 일정 러닝 코스 하프마라톤 5KM 10KM 달리기 추운 날씨에도 달리기를 멈추지 않는 사람들이 있습니다. 계절과 상관없이 한강변에서 러닝을 이어가는 분들이... ,https://blog.naver.com/qhadldhaus98/224093296548,"일정,한강,시민,대회,한강,시민,대회,일정,하프마라톤,계절,강변,어가,골프,여행가,축구,보미,네이버,블로그"
서울러닝코스,2026 새해일출런 접수중 서울 마라톤 일정 러닝 코스 기념품... ,"2026 새해일출런 접수중 서울 마라톤 일정 러닝 코스 기념품 안내 2026 새해일출런 접수가 15일 마감됩니다. 새해 첫날 진행되는 러닝 행사로, 10km와 5km 두 가지 종목으로 나뉘어 있습니다. 2026년의 첫... ",https://blog.naver.com/qhadldhaus98/224101023861,"새해,일출,접수,일정,기념품,새해,일출,접수,일정,기념품,안내,새해,일출,접수,마감,새해,첫날,진행,행사,가지"
서울러닝코스,제11회 서울트레일런 대회 접수 일정 코스 [산악 트레일러닝],"제11회 서울트레일런 대회 접수 일정 코스 [산악 트레일러닝] 2026년 4월, 서울 도심과 북한산 능선, 그리고 6개의 산을 연결하는 제11회 서울트레일런대회가 열립니다. 단순한 트레일러닝 이벤트가... ",https://blog.naver.com/qhadldhaus98/224180830003,"트레일,대회,접수,일정,산악,트레일,트레일,대회,접수,일정,산악,트레일,도심,북한,능선,트레일,대회,트레일,이벤트,골프"
서울러닝코스,[서울 러닝 코스 추천 2탄] 보라매공원 약 6.2km  우중런 후기,서울에 있는 러닝 코스라면 다 가고 싶은 서울 러닝 러버..러닝보다 러닝 장소 구경버라는..... 러닝 후에 먹는 im your energy -서울 러닝 코스 추천- 0.겨울철 서울 러닝 코스 1탄 서울과기대 https://m.blog.... ,https://blog.naver.com/gunbbang930/224179177895,"보라매,우중,후기,라면,러버,장소,겨울철,과기대,채피,니스,세상,네이버,블로그"
서울러닝코스,한강 서울 하프마라톤 일정... 10km 5km 달리기 러닝 코스,한강 서울 하프마라톤 일정 접수 기념품 10km 5km 달리기 러닝 코스 제2회 한강 서울 하프 마라톤 접수가 진행 중입니다. 이번 대회는 2026년 1월 25일 일요일 오전 9시에 출발하며 출발과 도착은 모두 상암... ,https://blog.naver.com/qhadldhaus98/224112406392,"한강,하프마라톤,일정,한강,하프마라톤,일정,접수,기념품,한강,하프,접수,진행,대회,일요일,오전,출발,출발,도착,모두,상암"
서울러닝코스,서울 한강 러닝 코스 추천 | 마포대교 마름모런 5km (여의도... ,서울 한강 러닝 코스 추천 2 : 마포대교 - 여의도한강공원 - 원효대교 - 이촌한강공원 5km 후기 2026. 4. 2 (목) 저녁 달리기 안녕하세요 ! 지난 포스팅에 이어서 오늘은 새로운 서울 러닝 코스를 가져왔습니다 ! 제가... ,https://blog.naver.com/mychsworld/224247535242,"한강,마포대교,마름모,여의도,한강,마포대교,여의도,한강,원효대교,이촌,한강,후기,포스팅,네이버,블로그"
서울러닝코스,서울 도심 러닝 코스 추천 | 청계천(광화문 종로 을지로) 5km... ,새로운 서울 러닝 코스를 가져왔습니다 ! 이번 코스의 핵심은 바로 청계천입니다 ! 청계천을 따라 시원하게 달릴 수 있는 이번 러닝은 야경도 볼 수 있고.. 청계천을 즐기는 서울 사람들도 구경할 수 있는... ,https://blog.naver.com/mychsworld/224250472662,"도심,청계천,광화문,종로,을지로,핵심,바로,청계천,청계천,야경,청계천,구경,네이버,블로그"
서울러닝코스,[서울 러닝 코스 추천 4탄]정릉천-성북천 10km 러닝 후기,-서울 하천 러닝 코스 추천 모음- 1.홍 제 천 https://m.blog.naver.com/gunbbang930/223897230234 2.중 랑 천 https://m.blog.naver.com/gunbbang930/223752011289 3.청 계 천 https://m.blog.naver.com/gunbbang930/224184682897 #서울하천러닝... ,https://blog.naver.com/gunbbang930/224187444720,"정릉천,성북천,후기,하천,모음,채피,니스,세상,네이버,블로그"
서울러닝코스,기부런 서울 마라톤 일정 기념품 러닝 코스 하프마라톤 10km... ,"스타와 함께하는 기부런 서울 마라톤 일정 기념품 러닝 코스 하프마라톤 10km 5km 달리기 달리기에 기부가 더해지면 운동은 누군가의 희망이 됩니다. 11월, 뚝섬 한강공원에서 열리는 제1회 스타와 함께하는... ",https://blog.naver.com/qhadldhaus98/224065941295,"일정,기념품,하프마라톤,스타,일정,기념품,하프마라톤,기부,누군가,희망이,뚝섬,한강,스타,골프,여행가,축구,보미,네이버,블로그"
서울러닝코스,도림천 러닝코스 평지 위주 편하게 뛰기 좋은 서울 러닝 코스,도림천 러닝코스 평지 위주 편하게 뛰기 좋은 서울 러닝 코스 안녕하세요. 서울에서 부담 없이 꾸준히 달리기 좋은 러닝 코스 찾고 계신 분들 많으시죠. 오늘은 제가 속한 러닝크루 서울뜀박질 5주년을 맞아 함께... ,https://blog.naver.com/nan0709/224143966508,"도림천,평지,위주,도림천,평지,위주,부담,크루,주년,러니윤,비비드,라이프,네이버,블로그"
서울러닝코스,러닝코스 예쁜 서울 마라톤 찾는다면? 잠실 롯데백화점... ,"오늘은 러닝 코스까지 예쁜 서울 잠실마라톤 스타일런 2025에 대해 소개해 볼게요 1. 롯데백화점 2025... 도는 코스 한강뷰, 공원, 도심이 모두 어우러진 서울러닝코스 / 러닝코스추천 / 잠실가볼만한곳으로도... ",https://blog.naver.com/pdmho92/223978007243,"잠실,롯데,백화점,잠실,스타일,대해,소개,롯데,백화점,한강,도심,모두,잠실,살림,감성,가성,네이버,블로그"
서울러닝코스,[올림픽공원러닝/서울러닝코스추천] 올림픽공원 한바퀴... ,#올림픽공원러닝 #러닝코스추천 #올림픽공원몇키로인가요 #올림픽공원한바퀴몇키로 #올림픽공원한바퀴 #올림픽공원 #서울러닝코스추천 #케이던스180 #180bpm 올림픽공원 한바퀴 몇 키로 인가요??... ,https://blog.naver.com/muckzza/224037151734,"올림픽,올림픽,바퀴,올림픽,바퀴,네이버,블로그"
서울러닝코스,서울 성수동 살곶이다리... 뚝방길에서 한강 가는 길 러닝코스,2025년 11월 2일 일요일 오후 기록 #중랑천러닝코스 중랑천 살곶이 다리 예전엔 둘이 곧잘 뛰곤 했던... 뜻하지 않게 만보 걸은 주말 오후. #서울러닝코스 #중랑천뚝방산책로 By #직각어깨빈어스,https://blog.naver.com/toricoya/224062259778,"성수동,살곶,다리,뚝방길,한강,일요일,오후,기록,중랑천,살곶,다리,예전,곧잘,주말,오후,직각어깨,어스,여행,네이버,블로그"
서울러닝코스,서울 남산 러닝코스 6.5km 하트런 북측순환로 탈의실 위치,걷기 좋은길이라 자주 산책을 가는 곳으로 서울 남산 러닝코스로도 좋은 하트런 중 남산둘레길 북측순환로에는 러너들을 위한 탈의실이 마련되어 있더라구요. 요즘 아트러닝 많이들 하시는것 같더라구요.... ,https://blog.naver.com/smcool7/224068556801,"남산,하트,순환로,탈의실,위치,걷기,길이,자주,산책,남산,하트,남산,둘레길,순환로,러너,탈의실,마련,요즘,아트,여행"
서울러닝코스,4월 서울 벚꽃 러닝 코스 추천 여의도 말고 달리기 좋은 곳,↑ ↑ ↑ ↑ ↑ ↑ 더 다양한 상품들 확인하세요 ↑ ↑ ↑ ↑ ↑ ↑ #서울러닝코스 #벚꽃러닝 #4월러닝 #여의도말고 #서울벚꽃명소 #서울러닝 #서울달리기 #러닝코스추천 #서울봄나들이 #서울벚꽃코스... ,https://blog.naver.com/daily__with_dan/224242580582,"벚꽃,여의도,상품,확인,일리,노트,네이버,블로그"
서울러닝코스,송정제방길 벚꽃 실시간 서울 숨은 벚꽃 명소 주차 러닝코스,송정제방길 벚꽃 실시간 서울 숨은 벚꽃 명소 주차 러닝코스 송정제방길 벚꽃 실시간 서울 숨은 벚꽃 명소 주차 러닝코스 송정제방길 벚꽃 실시간 서울 숨은 벚꽃 명소 주차 러닝코스 서울 숨은 벚꽃 명소... ,https://blog.naver.com/dailytrip_/224243653255,"송정,제방,벚꽃,실시간,벚꽃,명소,주차,송정,제방,벚꽃,실시간,벚꽃,명소,주차,송정,제방,벚꽃,실시간,벚꽃,명소"
서울러닝코스,남산 러닝코스 후기 북측순환로 6.5km 업힐&amp;다운힐 반복되는... ,안녕하세요 러닝도 하는 업힐왔서녕입니다. 서울 도심 속에서 자연을 느끼며 오르막 러닝 훈련까지... #남산러닝코스 #남산북측순환로 #오르막러닝 #도심속러닝 #서울러닝코스 #남산둘레길 #브롬톤라이딩... ,https://blog.naver.com/yeepi01/224062694315,"남산,후기,순환로,업힐,다운,반복,업힐,서녕,도심,자연,오르막,스노보드,자덕,네이버,블로그"
서울러닝코스,2025 서울 달리기 마라톤 일정 기념품 러닝 코스... ,"2025 서울 달리기 마라톤 일정 기념품 러닝 코스 하프마라톤 11km 2025 서울달리기(Seoul Race)는 10월 12일(일) 오전 8시, 청계광장에서 출발해 무교로에서 피니시를 맞이합니다. 서울의 상징적인 거리인... ",https://blog.naver.com/qhadldhaus98/224030147683,"일정,기념품,일정,기념품,하프마라톤,오전,청계,광장,출발,무교로,피니시,맞이,상징,골프,여행가,축구,보미,네이버,블로그"
서울러닝코스,고구마런 후기 한강·샛강·63빌딩까지 즐기는 8km 러닝 코스,#여의도고구마런 #여의도한강공원 #한강러닝 #서울러닝코스 #러닝인증샷 #고구마런 #러닝스타그램 #서울러닝 #당산역출발러닝 #한강러닝코스 #러닝인증샷 #고구마런 #한강달리기 ** 밝고 안전한 야간... ,https://blog.naver.com/yeepi01/224006604611,"고구마,후기,한강,샛강,빌딩,야간,스노보드,자덕,네이버,블로그"
서울러닝코스,2025 서울 10K 챌린지 서울 마라톤 일정 러닝 코스 10km 달리기,챌린지 서울 마라톤 러닝 코스 대회 코스는 한강을 따라 펼쳐지는 여의도 중심 러닝 루트로 구성됩니다. 도심의 빌딩 뷰와 한강의 경치를 함께 즐길 수 있는 구간입니다. START: 여의도공원... ,https://blog.naver.com/qhadldhaus98/224003164942,"린지,일정,린지,대회,한강,여의도,중심,루트,구성,도심,빌딩,한강,경치,여의도,골프,여행가,축구,보미,네이버,블로그"
서울러닝코스,서울 러닝코스 추천 BEST 7 한강·남산·서울숲까지 초보부터... ,"♂️ 서울 러닝코스 추천 BEST 7 초보부터 감성·장거리까지 한 번에 정리  1. 여의도공원 ✔ 거리 : 2.5km ~ 10km 선택 가능 ✔ 추천 이유 서울 러닝의 기준 같은 코스입니다. 루프형, 한강 연결형 등 선택지가... ",https://blog.naver.com/sadieu/224251856757,"한강,남산,서울숲,초보,초보,감성,장거리,정리,여의도,선택,가능,이유,기준,루프,한강,연결,선택,쪼꼬미,정보,네이버"
서울러닝코스,"9/29 평일 저녁 시티런, 광화문 올챙이런 5.1km 서울러닝코스","요즘 러닝이 대세이긴 대세인가보다. 뛰는 사람들 보면 쉬워 보이는데, 왜케 힘든지 몰라.. !! 그래도 가능한만큼 뛰어보자!! 경희궁~광화문~경복궁 한바퀴 뛰고보니 올챙이 모양이라 올챙이런코스라고 이름도... ",https://blog.naver.com/najilong5027/224027554259,"평일,시티,광화문,요즘,대세,왜케,경희궁,광화문,경복궁,바퀴,올챙이,모양,이름,즐거움,여자,네이버,블로그"
서울러닝코스,"6월, 서울 러닝 코스 추천! with 가벼운 야외활동 텀블러 슬로... ","그래서 추천드리는 지금, 뛰기 딱 좋은 서울 러닝코스 추천5 ✨ 코스 거리 난이도 포인트 서울숲 러닝 코스 약 3~4 km 초보자 나무 그늘, 순환 구조 한강 반포지구 약 6~7 km 중급자 노을·강변 야경 경의선 숲길 약... ",https://blog.naver.com/locknlock1978/223909021187,"야외,활동,텀블러,슬로,지금,난이도,포인트,서울숲,초보자,나무,그늘,순환,구조,한강,반포,지구,노을,강변,야경,경의선"
서울러닝코스,서울 러닝코스 추천 가볍게 7km 조깅,진짜 푹 쉬고 밥먹고 내일은 상황봐서 쉬던가 해야지 러닝이 운동으로써 가성비가 좋은 운동인건지 잘 모르겠다 ㅋㅋㅋㅋ 타코야키 아저씨.. 참자참자.. &lt;주제&gt; 서울 러닝코스 추천 가볍게 7km 조깅 &lt;거리&gt; 7km,https://blog.naver.com/1manbo/224252425125,"조깅,진짜,내일,상황,가성,타코야키,아저씨,주제,조깅,에세이,네이버,블로그"
서울러닝코스,"서울러닝코스_10km, 한강 러닝코스 달리기~ 동작대교를 건너... ",워킹서울 러닝서울~ 한강 러닝코스 달리기~ 동작역이 워낙 편하다보니 한강달리기 출발장소로 많이... #서울러닝코스_10km #서울달리기코스_10km 서울을 워킹하자. 워킹하면 서울이 보인다. 서울걷기는... ,https://blog.naver.com/pccidjyj/224252073065,"한강,동작대교,건너,워킹,한강,동작역,워낙,한강,출발,장소,워킹,워킹,걷기,정연,재의,워킹,네이버,블로그"
서울러닝코스,서울 2026 제16회 여의도 벚꽃... 일정 러닝 코스 기념품... ,서울 2026 제 16회 여의도 벚꽃 마라톤 대회 접수 일정 러닝 코스 기념품 하프마라톤 10km 5km 달리기 벚꽃이 만개한 길을 따라 달릴 때의 느낌은 직접 그 구간을 지나본 사람만 알 수 있습니다. 시선은... ,https://blog.naver.com/qhadldhaus98/224133238886,"여의도,벚꽃,일정,기념품,여의도,벚꽃,대회,접수,일정,기념품,하프마라톤,벚꽃,직접,나본,시선,골프,여행가,축구,보미,네이버"
서울러닝코스,서울 런트립(1) 열린송현... 세운상가 - 서순라길 10km 러닝코스,#서울런 #런트립 #공박위크 #슬로우러닝 #부상없이달리기 #seoultour #runtrip #zone2 #lowheartratetraining #saucony #달리는건축가 #달리는건축가조한 #서울투어 #러닝코스 #서울러닝코스,https://blog.naver.com/jluke313/224093976248,"런트립,열린송현,세운상가,건축가,건축,철학,연구소,네이버,블로그"
서울러닝코스,서울 러닝코스 추천 : 여의도 한강공원에서 용산까지,그리고 다시 러닝!! 잠수교를 뛸때마다 항상 질주하고 싶어진다. 잠수교를 건너 서쪽으로! 이쪽 코스는 정말 낯설었다. 사람도 없고 어둡고 나무도 많아서 서울 한가운데 한강변이라는 느낌과는 거리가 멀었다.... ,https://blog.naver.com/woon2567/223988868767,"여의도,한강,용산,다시,잠수교,항상,질주,잠수교,건너,서쪽,정말,나무,한가운데,강변,성장,전력,모네,발전소,네이버,블로그"
서울러닝코스,중랑천~청계천~정릉천 15km 서울 러닝 코스,"새로운 원점 복귀 코스를 발견했다! 30km까지 혼자 뛰어보는 목표를 달성하기 위해,,, 1-2주에 한번씩은... 않아져서^^ 러닝을 마무리하였다.: 근데 언제 롯데리아 생김? 차백도, 대만우육면 대만마라오리 등등... ",https://blog.naver.com/greeenworld/224233955775,"중랑천,청계천,정릉천,원점,복귀,발견,어보,목표,달성,위해,한번,마무리,언제,롯데리아,백도,우육,대만,등등,네이버,블로그"
서울러닝코스,서울 러닝 15km 코스 송파둘레길+올림픽공원,걍 희망사항 반영한거냐 올림픽공원 한바퀴 도는 세미 옷걸이런 코스로 알아서 짜주길래 따라감ㅎㅎ 송파둘레길 좋더라.....다음에는 그쪽으로 탄천 뛰어보고싶다.....분당쪽 이렇게 집값높은곳을 간접 러닝... ,https://blog.naver.com/greeenworld/224257446643,"송파,둘레길,올림픽,희망사항,올림픽,바퀴,세미,옷걸,송파,둘레길,다음,탄천,분당,집값,간접,네이버,블로그"
서울러닝코스,[서울 러닝 코스] 한강 러닝 코스 총정리ㅣ5km·10km 추천 루트,반포한강공원 가까운 집 근처에서 러닝 루틴을 만들고 싶다면 서울 지역 하천 러닝 코스를 찾아보세요! 하천 러닝 코스는 아래 글에서 확인할 수 있습니다. ↓↓↓↓↓↓↓↓↓↓↓,https://blog.naver.com/pila_writer/224248867708,"한강,정리,루트,반포,한강,루틴,지역,하천,하천,아래,확인,무보,노트,필라테스,네이버,블로그"
서울러닝코스,4월 러닝 기록 - 성동구 중랑천 4km 러닝코스 (성수대교 왕복... ,보기 #초보러닝 #중랑천러닝 #성수대교러닝 #응봉동러닝 #서울러닝코스 #4월러닝 #운동기록 #아침러닝 #중랑천산책 #건강습관 #러닝기록 #성동구중랑천러닝코스 #응봉체육공원 #중랑천놀빛광장 #용비쉼터... ,https://blog.naver.com/iamfree-/224253626428,"기록,성동구,중랑천,성수대교,왕복,보기,로그,일상,행복,기록,네이버,블로그"
서울러닝코스,서울 가을 초급·중급·고급 러닝코스 추천 (Feat. 달리기 매너... ,#러닝 #러닝코스 #서울러닝 #러닝크루 #러닝동호회 #동호회 #코스추천 #코스 #서울 #서울러닝코스 #남산 #남산러닝 #남산북측순환로 #서서울호수공원 #잡수교 #한강 #한강공원 #잠실 #잠실한강공원 #나이트런... ,https://blog.naver.com/pac3083/224005260785,"가을,고급,매너,언론,중재,위원회,블로그,네이버,블로그"
서울러닝코스,[서울 러닝 코스] 마곡 식물원 → 한강나들목 코스(5km),없어 따릉이 타고 복귀 주말 러닝 코스로 아주 맘에 들었다 컨디션 좋은 날에 10km 뛰어봐도 좋을듯 러닝 끝나고 마시는 오늘의 첫 코히 얼마나 꿀맛이던지 날도 풀렸으니 서울 이곳저곳 다니면서 즐겨야겠어요,https://blog.naver.com/ju_hyun1031/224225657710,"마곡,식물원,한강,나들목,따릉,타고,복귀,주말,아주,컨디션,얼마나,꿀맛,네이버,블로그"
서울러닝코스,[서울 러닝 코스] 용왕산 근린공원 러닝 트랙... ,오늘 소개할 서울 러닝 코스는 바로 &lt;용왕산 근린공원 러닝 트랙&gt;입니다. 줄여서 &lt;용왕산 트랙&gt;이라고도... 코스입니다. 스카이워크와 용왕정을 함께 이용할 수 있어 러닝과 산책을 동시에 즐길 수 있는 서울... ,https://blog.naver.com/pila_writer/224257087495,"용왕산,트랙,소개,바로,용왕산,트랙,용왕산,트랙,스카이,용왕,이용,산책,동시,무보,노트,필라테스,네이버,블로그"
서울러닝코스,한강 러닝 여행. 서울 야경 잠실한강공원 - 잠실철교 코스... ,잠실한강러닝코스 #잠실대교러닝 #러닝여행 #서울러닝여행 #서울러닝코스추천 #서울러닝코스 #여름한강러닝 #서울여행 #국내여행 #러닝여행 #야경여행 #잠실한강공원 #잠실한강공원주차장 #잠실철교야경... ,https://blog.naver.com/habibi__/223535360661,"한강,여행,야경,잠실,한강,잠실철교,잠실,한강,엄마,리뷰,일상,네이버,블로그"
서울러닝코스,서울 여의도 고구마러닝 코스 8km 뛰어보기,서울 여의도 고구마러닝 코스 8km 뛰어보기 4월 12일(일요일) 날씨가 좋아서 오늘의 러닝은! 어제도 쉰겸해서 서울 여의고 고구마러닝 코스를 다녀오기로 했다. 고구마런은 8km 가는데까지 왕복으로 7km 총... ,https://blog.naver.com/1manbo/224249756787,"여의도,고구마,보기,여의도,고구마,보기,일요일,어제,여의고,고구마,고구마,왕복,에세이,네이버,블로그"
서울러닝코스,서울 러닝코스 추천... 용산 장교숙소5단지 - 잠수교 왕복코스,그러다보니 이렇게 이벤트성으로 러닝코스를 여기저기 찾아서 뛰는 것도 너무 재미가 있네요~ 혹 러닝하시는 이웃님들 계시면 서울 러닝코스 추천 좀 해 주시겠어요?^^ 서울 러닝코스 추천 저 손뜨개도... ,https://blog.naver.com/badalaik/224244361793,"용산,장교,숙소,단지,잠수교,왕복,이벤트,여기저기,재미,이웃,계시,개도,라이프스타일,시즌,네이버,블로그"
서울러닝,"페더 서울 러닝 양말, 형광 포인트가 눈에 띄는 초경량 컴포트... ","페더 서울 러닝 양말, 형광 포인트가 눈에 띄는 초경량 컴포트 양말 후기 형광 포인트와 남산 타워, 기대... 않으면서도 러닝할 때 괜히 서울 한복판을 달리는 기분을 조금 더 살려줘서 마음에 들었어요. 마라톤... ",https://blog.naver.com/kk12129/224217208690,"페더,양말,형광,포인트,경량,포트,페더,양말,형광,포인트,경량,포트,양말,후기,형광,포인트,남산,타워,기대,복판"
서울러닝,7979 서울러닝크루 시티런 - 예쁜 돌담길 옆을 달려요!,7979 SRC 서울러닝크루 ( 7979 Seoul Running Crew) 서울시에서 무료로 매년 열리는 무료러닝크루 7979SRC(서울러닝크루) 1회차 다녀왔어요 매주 목요일 무료로 열리는 서울시 러닝크루인 7979서울러닝크루가 4월16일... ,https://blog.naver.com/ipalm/224255526930,"크루,시티,돌담,크루,서울시,무료,매년,무료,크루,크루,목요일,무료,서울시,크루,크루,네이버,블로그"
서울러닝,2026 포켓몬런 신청 서울 러닝 마라톤 접수 예매 티켓팅 방법,"2026 포켓몬런 신청 서울 러닝 마라톤 접수 예매 티켓팅 방법 저는 평소에 달리기를 즐기는 편인데, 작년 봄부터 본격적으로 러닝 대회에 관심을 갖기 시작했습니다. 그러다 주변 지인에게 포켓몬런 이야기를... ",https://blog.naver.com/designsoho94/224201362523,"포켓몬,신청,접수,예매,티켓팅,방법,포켓몬,신청,접수,예매,티켓팅,방법,평소,작년,본격,대회,관심,시작,지인,포켓몬"
서울러닝,2026 서울 러닝 엑스포: 26년 서울마라톤! DDP! 현장 등록 무료... ,"오늘은 DDP에서 열린 &lt;2026 서울 러닝 엑스포&gt;에 대해 포스팅하겠습니다. 3월 15일(일) 2026 서울마라톤이... 러닝웨어가 아닌 일반 티셔츠, 에코백에도 서울마라톤과 관련한 그림을 넣어 판매하기도 했어요.... ",https://blog.naver.com/sjn1203/224217440543,"엑스포,현장,등록,무료,엑스포,대해,포스팅,웨어,일반,티셔츠,에코,관련,그림,판매,나미,관심,사고,생활,네이버,블로그"
서울러닝,2026 포켓몬런 신청 서울 러닝 마라톤 접수 예매 티켓팅 방법... ,"2026 포켓몬런은 서울 뚝섬 한강공원에서 열리는 공식 포켓몬 러닝 이벤트입니다. IP는 The Pokemon Company가 보유하고 있고, 국내에서는 협력사를 통해 운영되는 형태입니다. 장소는 뚝섬한강공원 수변무대... ",https://blog.naver.com/openmind200/224201320560,"포켓몬,신청,접수,예매,티켓팅,방법,포켓몬,뚝섬,한강,공식,포켓몬,이벤,보유,국내,협력,통해,운영,형태,장소,뚝섬"
서울러닝,2026 포켓몬런 티켓팅 신청 예매 방법 서울 러닝 잉어킹... ,글: 끌림 사진출처 : 포켓몬런 홈페이지 #포켓몬런 #서울 #포켓몬런2026 #포켓몬런신청 #포켓몬런러닝 #포켓몬런예매 #마라톤 #서울마라톤 #서울러닝 #마라톤대회 #러닝대회 #잉어킹마라톤,https://blog.naver.com/jini4998/224202408668,"포켓몬,티켓팅,신청,예매,방법,잉어킹,사진,출처,포켓몬,홈페이지,네이버,블로그"
서울러닝,"서울 러닝코스 추천, 처음 시작하기 좋은 구간은 어디일까","서울은 강변과 공원, 도심 산책로가 잘 연결되어 있습니다. 목적에 따라 선택지가 다양합니다. 이 점이 러닝을 꾸준히 이어가기 좋은 이유가 됩니다. 오늘은 서울 러닝코스 추천해드리도록 하겠습니다.  처음... ",https://blog.naver.com/fing3rscompany/224122802761,"처음,시작,어디,강변,도심,산책로,연결,목적,선택,이유,처음,핑거스,네이버,블로그"
서울러닝,서울식물원 튤립런 초보 러너 3km 러닝 후기 +)주차 꿀팁,초보 러너의 서울식물원 튤립런 4월 튤립 개화 현황 + 주차 꿀팁 주말을 맞이하야 쌓인 스트레스도 풀겸 마곡나루에 위치한 서울식물원 러닝에 도전하고 왔어요 작년 가을쯤 개노답자매님 따라 한 번 뛰어본... ,https://blog.naver.com/rkgml548/224242665880,"식물원,튤립,초보,러너,후기,주차,꿀팁,초보,러너,식물원,튤립,튤립,개화,현황,주차,꿀팁,주말,맞이,하야,스트레스"
서울러닝,2026 서울 하프 마라톤 일정 러닝 코스 하프 10km 달리기,#서울하프마라톤 #2026서울하프마라톤 #서울러닝 #하프마라톤 #러닝대회 #마라톤코스 #러닝정보 #러닝대회추천 #서울마라톤 #광화문출발 #상암피니시 #여의도10km #러닝준비 #러닝코스 #러너일상... ,https://blog.naver.com/qhadldhaus98/224258685947,"하프,일정,하프,골프,여행가,축구,보미,네이버,블로그"
서울러닝,기록 단축을 위한서울 러닝훈련 장소 BEST 5,기록 단축을 위한 서울 러닝훈련 장소 BEST 5 마라톤 기록 단축의 비밀 훈련 코스에 있습니다 달리기... “서울 업힐 러닝의 정석으로 불리는 코스입니다.” 2. 부상 없이 안정적인 리커버리 조깅 서울숲 외곽 코스... ,https://blog.naver.com/beneficial-beom/224254216045,"기록,단축,장소,기록,단축,장소,기록,단축,비밀,업힐,정석,부상,안정,리커버리,조깅,서울숲,외곽,건강,파트너,네이버"
서울러닝,2026 KB스타런 마라톤 대회 참가 신청 10km 서울 러닝대회... ,:) [같이 보면 좋을만한 글] #5월러닝대회 #5월마라톤대회 #10km마라톤대회 #KB스타런 #서울마라톤대회 #여의도러닝 #러닝대회추천 #마라톤입문 #10km러닝 #러닝준비 #마라톤참가신청 #러닝취미 #마라톤대회참가,https://blog.naver.com/vnfma0726/224231539865,"스타,대회,참가,신청,대회,뚜웅푸,네이버,블로그"
서울러닝,2017 봄 서울 러닝기록 꿀팁,"마지막으로, 2017 봄 서울 러닝기록 꿀팁을 활용하면서 서울의 다양한 러닝 코스를 경험하고 기록을 관리하는 즐거움을 느꼈어요. 무난하면서도 체계적인 접근이 운동 동기 유지에 도움이 되었고, 앞으로도... ",https://blog.naver.com/e7w41ogk9upm/224259404109,"기록,꿀팁,마지막,기록,꿀팁,활용,경험,기록,관리,즐거움,무난,체계,접근,동기,유지,도움,사진,연습,네이버,블로그"
서울러닝,서울 송파 러닝 코스 빵런! - 문정 플루엣 &amp; 룰루 베이글,서울 송파 러닝 코스 빵런! 플루엣 &amp; 룰루베이글 2025년 가장 열심히 했던거 중에 하나가 바로... #서울러닝 #송파러닝 #플루엣송파본점 #룰루베이글 #문정동베이커피 #송파빵집 #빵런 #서울러닝코스,https://blog.naver.com/bigway22/224131445215,"송파,빵런,문정,플루,룰루,베이글,송파,빵런,플루,룰루,베이글,가장,하나,바로,모리,여행,네이버,블로그"
서울러닝,포켓몬런 신청 서울 러닝 마라톤 접수 방법,있다면 접수 일정 공지를 미리 확인하고 사전 준비를 해두는 것이 좋습니다. #포켓몬런 #포켓몬런신청 #포켓몬런서울 #포켓몬마라톤 #서울러닝대회 #서울마라톤 #러닝이벤트 #마라톤신청 #러닝대회 #포켓몬행사,https://blog.naver.com/honeyposting/224207302650,"포켓몬,신청,접수,방법,접수,일정,공지,미리,확인,사전,준비,자고,모든,순간,네이버,블로그"
서울러닝,[5일차] &quot;러닝무릎통증&quot; 예방하는 회복 러닝? 서울 5km 벚꽃... ,회복 러닝을 하며 자세를 교정하기에 서울 내에서 이만한 연습실이 또 있을까 싶습니다. 다만... 운동화끈묶는법 #서울러닝코스 #벚꽃러닝코스 #성내천러닝 #올림픽공원러닝 #송파러닝 #2주챌린지... ,https://blog.naver.com/dee7781/224241958154,"무릎,통증,예방,회복,벚꽃,회복,자세,교정,이만,연습실,다만,화끈,블로그,네이버,블로그"
서울러닝,서울마라톤일정 동아마라톤 동마 서울러닝엑스포 정보,업힐이 거의 없는 평지코스이고 날씨가 러닝하기 좋은 계절이라 개인최고기록을 세우기 좋은... 서울마라톤 서울러닝엑스포 정보 해외마라톤대회를 시작으로 뒤늦게 국내 마라톤대회에 참가한 저에게는... ,https://blog.naver.com/allaboutcanada/224212672345,"일정,동아마라톤,엑스포,정보,업힐,거의,평지,계절,개인,최고,기록,엑스포,정보,해외,대회,시작,국내,대회,참가,제스"
서울러닝,서울 초보 러닝 코스 추천 어린이대공원 붕어빵런 5KM 달리기,오늘 소개해 드릴 곳은 서울 러닝 코스 중 초보자들이 뛰기 좋은 '어린이대공원'을 소개해 드리려고 합니다! :) 완주하면 붕어빵 모양으로 뛸 수 있어서 '붕어빵런'으로도 유명해요! [서울 초보 러닝 코스... ,https://blog.naver.com/sinnyarea/224131004045,"초보,어린이,붕어빵,소개,드릴,초보자,어린이,소개,완주,붕어빵,모양,붕어빵,초보,사계절,아웃도어,안내서,네이버,블로그"
서울러닝,7979 서울 러닝크루 모집 수준별 야간 러닝 코스 정보,서울시에서는 러닝을 처음 시작하는 초보자부터 숙련된 러너까지 누구나 서울의 아름다운 야간 명소를 만끽하며 달릴 수 있는 7979 서울 러닝크루 프로그램을 운영합니다. 전문적인 지도와 체계적인 러닝... ,https://blog.naver.com/dysnomia/224256209216,"크루,모집,수준별,야간,정보,서울시,처음,시작,초보자,숙련,러너,누구,야간,명소,만끽,크루,프로그램,운영,전문,지도"
서울러닝,서울러닝엑스포 DDP 라인프렌즈X아디다스키즈런 후기,"키즈런은 3월14일 종료되었지만 서울러닝엑스포는 15일 일요일까지 DDP전관에서 관람하실 수 있고, 서울마라톤도 열리기에 러닝에 관심 있으시다면 DDP로 오실 준비하세요. 아이와 러닝 자체가 처음이라... ",https://blog.naver.com/babyloshon/224216586337,"엑스포,라인,프렌즈,아디다스,키즈,후기,키즈런,종료,엑스포,일요일,전관,관람,관심,준비,아이,자체,처음,길동,네이버,블로그"
서울러닝,러닝필수템 몽베스트 생수와 함께한 10K챌린지 서울 마라톤 후기,꾸준한 수분 관리로 컨디션 잘 챙기면서 즐거운 러닝 라이브 즐기시길 응원합니다 :)✨✨✨ #10k챌린지 #몽베스트 #몽베스트생수 #몽베스트미네랄워터 #서울10k챌린지 #10k챌린지서울 #러닝 #마라톤 #러닝템... ,https://blog.naver.com/luvddang9/224060429431,"필수,베스트,생수,린지,후기,수분,관리,컨디션,라이브,응원,에이미,네이버,블로그"
서울러닝,서울 힐링 러닝 코스! 한양도성길 트레일 러닝 후기,이번 러닝은 서울역에서 시작했습니다. 장거리 코스이다 보니 짐이 꽤 있었는데 서울역 짐 보관함을... 한양도성길은 단순히 서울 러닝 코스라고 생각하고 접근하면 생각보다 훨씬 힘들게 느껴질 수 있습니다.... ,https://blog.naver.com/sjsg0079/224257365254,"힐링,한양도성,트레일,후기,서울역,시작,장거리,서울역,보관,한양도성,접근,일상,여행,여행,네이버,블로그"
서울러닝,2026 더레이스 서울 21K... 하프마라톤 10km달리기 러닝 코스,https://theraceseoul21k.com/ #더레이스서울21K #서울하프마라톤 #서울10km #광화문마라톤 #서울러닝대회 #하프마라톤접수 #서울러닝 #도심러닝 #2026마라톤 #러너일정 #마라톤추가접수 #서울레이스... ,https://blog.naver.com/qhadldhaus98/224199727829,"레이스,하프마라톤,골프,여행가,축구,보미,네이버,블로그"
서울러닝,2026 지구런 접수 서울 마라톤 일정 5km 10km 달리기 러닝 대회,없이 러닝하는 사람들이 자연스럽게 보이죠. 서울 마라톤 일정도 점점 다양해지고 선택할 수 있는... 한강과 도심을 함께 볼 수 있는 서울 러닝 코스라서 풍경도 좋고요. ✔️ 자전거길과 산책로 혼용... ,https://blog.naver.com/00dkfmal/224244320637,"지구,접수,일정,대회,자연,보이,일정,점점,선택,한강,도심,풍경,자전거,산책로,혼용,라라,네이버,블로그"
서울러닝,서울마라톤 일정부터 러닝 엑스포 이벤트까지 총정리,"&quot;정말 얇다&quot; 잠스트 러닝 무릎보호대, 서울 러닝엑스포에서 가장 저렴하게! 서울마라톤 일정이 가까워지면서 러닝 준비를 다시 점검하게 됐다. 날씨가 따뜻해지니, 가까운 하천 길에서 러닝 하는 사람들이... ",https://blog.naver.com/dalliza88/224205600449,"일정,엑스포,이벤트,정리,정말,잠스트,무릎,보호대,엑스포,가장,일정,준비,다시,점검,하천,꼴찌,러너,아웃도어,트렌트,리포트"
서울러닝,"일기 | 니부마롱, 버터떡, 더현대서울, 러닝, 용산, 한남동, 합정",나도 조금 얌전히 걸어볼게요  여의도 간 김에 #더현대서울 들러서 #sie시에 신상 입어봤는데 이... 상태로 #러닝 까지 했더니 거의 이만 보 찍혀있어서 뿌듯했는데...! 이날 뭔가 뛰기 싫었거든요  그래도 해야지... ,https://blog.naver.com/parkseyo_/224217857109,"일기,부마,버터,현대,용산,한남동,합정,조금,여의도,신상,상태,거의,뭔가,세영,네이버,블로그"
서울러닝,서울 걷기 좋은 길! 양재천 러닝 &amp; 자전거 타기 &amp; 수영장 안내,봄부터 여름 시즌에는 다양한 꽃들이 많아 더욱 아름답습니다~ 그럼 모두들 건강 유의하시고 좋은 하루 보내세요:) #양재천 #서울걷기좋은길 #서울자전거 #서울러닝 #양재천자전거 #양재천러닝 #영동1교... ,https://blog.naver.com/bigway22/223885566870,"걷기,양재천,자전거,수영장,안내,여름,시즌,꽃들이,더욱,모두,건강,유의,하루,모리,여행,네이버,블로그"
서울러닝,러닝 무릎보호대 득템! 러닝엑스포 × 서울마라톤 일정,내게 맞는 러닝 무릎보호대를 역대급 혜택으로 만날 수 있는 기회! 서울러닝엑스포에 2026 서울마라톤 공식 스폰서인 잠스트가 출격합니다. 행사 장소: 동대문디자인플라자 전관 (관람비 무료) 전시 기간... ,https://blog.naver.com/nicenet/224204943943,"무릎,보호대,득템,엑스포,일정,무릎,보호대,역대,혜택,만날,기회,엑스포,공식,스폰서,잠스트,출격,행사,장소,동대문,디자인"
서울러닝,러닝 양말 추천 컴포트 페더 서울 아킬레스 앵클쉴드 러닝 후기,"간략히 두 제품을 설명하자면, 페더 서울: 데일리 러닝에 부담 없는 밸런스형. 얇고 통기성이 좋다. 심리스 공법 적용 아킬레스 앵클쉴드: 뒤꿈치·아킬레스 보호 체감 확실. 두껍고 쿠션이 훨씬 좋다. 단... ",https://blog.naver.com/review_ocer/224257028002,"양말,포트,페더,아킬레스,쉴드,후기,제품,설명,페더,일리,부담,밸런스,기성,리스,공법,적용,아킬레스,쉴드,뒤꿈치,아킬레스"
서울러닝,2026 서울 러닝 엑스포 첫 개최 참관 후기,"2026 서울 러닝 엑스포 러너들의 축제 러닝 엑스포에 다녀왔다. 서울 동아마라톤 대회 전 DDP에서 열린 이 행사에는 후원서 아디다스의 스포츠 용품, 러닝웨오 영양식, 러닝 장비와 제품 등을 한자리에서 만나볼... ",https://blog.naver.com/knydiary/224219851194,"엑스포,개최,참관,후기,엑스포,러너,축제,엑스포,동아마라톤,대회,행사,후원,아디다스,스포츠,용품,웨오,영양식,장비,제품,한자리"
서울러닝,서울 5KM 달리기 러닝 코스 추천 어린이대공원 붕어빵런,서울 5km 달리기 러닝 코스 어린이대공원 붕어빵런 안녕하세요! 광진구 SNS 서포터즈 산시니입니다... 이색적인 서울 러닝 코스 꼭 코스를 고정하지 않고 귀여운 동물 친구들이 있는 동물원을 가로질러 뛰거나... ,https://blog.naver.com/sinnyarea/224199498633,"어린이,붕어빵,어린이,붕어빵,광진구,서포터즈,산시,이색,고정,동물,동물원,사계절,아웃도어,안내서,네이버,블로그"
서울러닝,서울 러닝코스 추천 (남산공원•위례호수공원 +포천산정호수),서울 • 서울 근교 러닝하기 좋은 곳  첫번째는 #남산둘레길 #남산 조금 고난이도였던 곳이에요! 남산... 카르닉 러닝벨트도 함께 추천하구 갑니당 ⬇️⬇️⬇️⬇️⬇️ #러닝코스 #서울러닝코스 #러닝코스추천... ,https://blog.naver.com/dmsal217/224065126599,"남산,위례,호수,포천,산정호수,근교,조금,난이도,남산,카르,벨트,네이버,블로그"
서울러닝,[서울 러닝 코스 추천] 영상 5도~10도 러닝 옷차림 완벽... ,드린 서울의 예쁜 코스들 중 마음에 드는 곳을 골라 이번 주말 가볍게 5km부터 시작해 보는 건 어떨까요? 안전하고 즐거운 러닝 되시길 응원합니다! #영상5도러닝 #영상10도옷차림 #러닝복장추천 #서울러닝코스... ,https://blog.naver.com/yeepi01/224214350293,"영상,옷차림,완벽,마음,주말,부터,시작,응원,스노보드,자덕,네이버,블로그"
서울러닝,서울러닝엑스포 - 롯데도 나와? 카스두? 오터 브랜드 소개... ,러닝을 하지 않는 제가 러닝엑스포를 방문했습니다? 바로 행사와 박람회를 좋아하고 기업 이벤트 부스... 즐기시길~ 이번 서울 주말 나들이는 DDP 동대문디자인플라자 서울러닝엑스포도 한 번 생각해보세요☆,https://blog.naver.com/hunz157/224215768366,"엑스포,롯데,카스,브랜드,소개,엑스포,방문,바로,행사,박람회,기업,이벤트,부스,주말,나들이,동대문,디자인,플라자,엑스포,네이버"
서울러닝,2026 버킷런 마라톤 접수 일정 참가비 기념품 서울 러닝... ,일정 맞는 분들은 신청해볼 만한 대회입니다. #2026버킷런 #버킷런 #한강러닝대회 #잠실한강공원 #서울러닝 #5km달리기 #10km달리기#러닝 #러닝대회정보 #마라톤 #서울마라톤일정,https://blog.naver.com/qhadldhaus98/224135966215,"버킷,접수,일정,참가,기념품,일정,신청,대회,골프,여행가,축구,보미,네이버,블로그"
서울러닝,서울 러닝기록 잘하는법,서울 러닝기록 잘하는법 서울에서 러닝을 즐기다 보니 자연스럽게 서울 러닝기록 잘하는법에 대해 관심이 생기더라고요. 특히 도시의 다양한 코스와 계절별 변화에 맞춰 기록을 관리하는 방법을 찾는 과정에서... ,https://blog.naver.com/932h6q4b1t6d/224259397124,"기록,기록,자연,기록,대해,관심,도시,계절,변화,기록,관리,방법,과정,일러스트,공부,실파,네이버,블로그"
서울러닝,러닝 무릎보호대 잠스트 JK-BAND 추천 서울마라톤 러닝 엑스포,서울 러닝 엑스포 현장 착용+최저가 할인 기회 이렇게 제가 애용하며 사용 중인 잠스트 JK-BAND를 직접 체험해 볼 수 있는 자리가 있어요. ✔️ 3월 13일~15일 ✔️ 동대문디자인플라자 DDP ✔️ 서울마라톤 러닝... ,https://blog.naver.com/00dkfmal/224204042979,"무릎,보호대,잠스트,엑스포,엑스포,현장,착용,최저,할인,기회,애용,사용,중인,잠스트,직접,체험,자리,동대문,디자인,플라자"
서울러닝,"[서울 러닝 에세이] 매주 주말 마라톤, 이대로 괜찮을까? 점점... ","내 한 걸음이 누군가의 불편이 아니라, 서울이라는 도시와 함께 호흡하는 건강한 움직임이 되기를. 그리고 그 위에서 러너들도 오래도록 달릴 수 있기를. #서울러닝 #마라톤 #러닝문화 #잠실대교 #트레일러닝... ",https://blog.naver.com/gangsinjin/224235830469,"에세이,주말,점점,걸음,누군가,불편,도시,호흡,움직임,러너,네이버,블로그"
서울러닝,2026 서울 러닝 엑스포 방문 후기,도착해서 안내에 따라 참가자 신청 후 입장 서울마라톤 마스코트 너무 귀욥네용 아트홀로 들어가니 롯데에서 몽쉘 하나씩 나눠주시더라고요 입장하자마자 아디다스 러닝화부터 각종 용품들이 디피되어... ,https://blog.naver.com/ddomaru/224232385584,"엑스포,방문,후기,도착,안내,참가자,신청,입장,마스코트,아트,홀로,롯데,몽쉘,하나,입장,자마자,아디다스,각종,용품,디피"
서울러닝,서울 한강 러닝 코스 &amp;  한강버스 잠실선착장 테라로사 카페... ,서울 한강 러닝 코스 테라로사 카페 &amp; 한강공원 모래놀이터 요즘 러닝 하기 너무 좋은 계절인데요! 오늘은 서울 한강 러닝 코스와 러닝 후 가기 좋은 테라로사 카페 자세히 소개해 드릴게요:) 한강러닝 코스 1.... ,https://blog.naver.com/bigway22/224256698423,"한강,한강,버스,잠실,선착장,테라로사,카페,한강,테라로사,카페,한강,모래,놀이터,요즘,계절,한강,가기,테라로사,카페,소개"
서울러닝,시 무릎 통증&quot; 잡는 상체 이완법? 서울 5km 벚꽃 러닝코스 추천,특히 성내천에서 올림픽공원을 잇는 이 벚꽃 러닝코스는 서울 내에서 보기 드문 '고저 차가 적은... #러닝무릎통증 #무릎통증완화 #상체이완 #러닝자세 #달리기자세 #운동화끈묶는법 #러닝화추천 #서울러닝코스... ,https://blog.naver.com/dee7781/224238913094,"무릎,통증,상체,이완,벚꽃,성내천,올림픽,벚꽃,보기,고저,블로그,네이버,블로그"
서울러닝,815런 2024 서울 러닝 행사 일정 코스 기념품 정보 총정리,"서울 러닝 행사인 815런 2024를 소개해 드리려 합니다. 즐거운 러닝도 하고 기부도 함께 하는 815런, 815런 행사 정보와 기념품 정보, 코스 추천까지 총정리해서 살펴 보도록 하겠습니다. 815런 2024 서울... ",https://blog.naver.com/my_life_moment/223516374072,"행사,일정,기념품,정보,정리,행사,소개,기부,행사,정보,기념품,정보,정리,산소,블로그,네이버,블로그"
서울러닝,페더 서울 러닝 양말 초경량 컴포트 양말 형광 포인트 신어본... ,▽ '페더 서울 러닝 양말' 둘러보러가기! https://brand.naver.com/comport/products/6172621291 #러닝양말 #컴포트양말 #페더서울 #운동양말 #마라톤양말 #기능성양말 #러닝용품 #발편한양말 #아치서포트 #스포츠양말,https://blog.naver.com/yzk12272/224218312261,"페더,양말,경량,포트,양말,형광,포인트,신어,페더,양말,유명성,네이버,블로그"
서울러닝,서울 러닝 코스 장소 5km 달리기 옥수나들목 가는 법 짐 보관 팁,달리면서 한강의 야경을 함께 보며 달리는데 ‘아… 이게 바로 서울 사는 재미구나’ 싶더라고요. 특히 잠수교는 서울 러닝 코스 명소로도 유명해서 많은 러닝 크루들이 인증샷을 남기는 스팟이에요. 출처... ,https://blog.naver.com/sinnyarea/224059427977,"장소,옥수,나들목,보관,한강,야경,바로,재미,구나,잠수교,명소,크루,인증샷,스팟,출처,사계절,아웃도어,안내서,네이버,블로그"
서울러닝,서울 마라톤대회 총정리 밤섬런 여의도 한강공원 러닝,메달 #서울마라톤 #서울러닝대회 #서울마라톤대회 #서울러닝 #러닝대회 #마라톤대회 #마라톤가격 #마라톤후기 #밤섬런시간 #밤섬런접수 #밤섬런기념품 #밤섬런가격 #밤섬런모임장소 #밤섬런출발... ,https://blog.naver.com/choismong/224249511942,"대회,정리,밤섬,여의도,한강,메달,기록,기억,네이버,블로그"
서울러닝,2026년 4월 3주차 서울 마라톤 대회 총정리! (+러닝 코스 주말... ,✨ #마라톤대회 #2026년마라톤 #4월마라톤 #서울마라톤일정 #러닝 #주말러닝 #자전거도로안전 #한강러닝 #키움런 #마포서윤복마라톤 #동작구청장배마라톤 #k건강마라톤 #서울트레일런 #스카이런 #오운완... ,https://blog.naver.com/yeepi01/224253190896,"주차,대회,정리,주말,스노보드,자덕,네이버,블로그"
서울러닝,2026 서울 팀 k리그 런 마라톤 일정 접수 10km 러닝,서울러닝대회 #10km러닝대회 #마라톤대회 #상암평화의공원 #K리그팬이벤트 #러닝대회정보 #서울마라톤 #러닝이벤트 #K리그팬러닝 #서울러닝 #10km마라톤 #러닝대회추천 #서울마라톤일정 #마라톤 #러닝,https://blog.naver.com/qhadldhaus98/224201031528,"리그,일정,접수,대회,골프,여행가,축구,보미,네이버,블로그"
서울러닝,서울러닝엑스포 2026 일정 및 참가 업체 이벤트 총정리,#서울러닝엑스포 #서울마라톤 #서울마라톤엑스포 #DDP행사 #러닝엑스포 #러닝이벤트 #러닝박람회 #마라톤대회 #러닝문화 #러닝커뮤니티 #러닝장비 #러닝정보 #서울러닝이벤트 #마라톤준비,https://blog.naver.com/realpsg/224214702865,"엑스포,일정,참가,업체,이벤트,정리,트렌드,네이버,블로그"
서울러닝,"양재천 벚꽃 러닝 후기, 서울 봄 산책 러닝코스 여기 하나면 끝!",#양재천러닝 #양재천벚꽃 #서울러닝코스 #벚꽃러닝 #서울벚꽃명소 #러닝코스추천 #서울달리기 #봄러닝 #러닝일상 #런스타그램 #러닝기록 #서울운동 #야외운동 #러닝스타그램 #벚꽃명소 #서울산책코스 #운동기록... ,https://blog.naver.com/minsanity-/224241559588,"양재천,벚꽃,후기,산책,여기,하나,서약,네이버,블로그"
서울러닝,러닝 대회때 착용할 러닝 양말을 찾으신다면 컴포트 페더 서울,컴포트 페더 서울 #러닝양말 #컴포트양말 #운동양말 #페더서울 #보호양말 #러닝크루양말 겨울 동안 날씨가 너무 추워서 러닝을 한동안 쉬고 있었어요. 그러다 날이 조금씩 풀리기 시작하면서 다시 몸을 움직이고... ,https://blog.naver.com/japchodh/224216907071,"대회,착용,양말,포트,페더,포트,페더,겨울,동안,시작,다시,움직,주관,블로그,네이버,블로그"
서울러닝,"JTBC 서울 마라톤, 러닝 매니아들은 왜 '제마'에 열광할까?... ","JTBC 서울 마라톤, 러닝 매니아들은 왜 '제마'에 열광할까? 10년차 러너가 정리해본 JTBC 마라톤만의 차별성 5가지 추첨이 되어야만 참가할 수 있는 마라톤? 뭐가 다르길래 뛰는데 굳이 당첨까지 되야해? 지난 주... ",https://blog.naver.com/trlove0205/224253670457,"매니아,매니아,러너,정리,차별성,가지,추첨,참가,굳이,당첨,덕업,주의,긍정,스토리,네이버,블로그"
서울러닝,"서울 러닝코스 추천 (서울숲, 뚝섬한강, 반포 등)",다음주는 속초룰 달려볼게요! 공감/댓글은 컨텐츠 제작에 힘이 됩니다. 감사해요 #서울러닝코스 #남산러닝코스 #반포러닝 #한강러닝 #서울숲러닝 #서울숲한강 #붕어빵런,https://blog.naver.com/yellownoda/223981802252,"서울숲,뚝섬,한강,반포,다음주,속초,공감,댓글,컨텐츠,제작,네이버,블로그"
서울러닝,서울 경복궁 &amp; 광화문 러닝 코스 - 카멜커피 서촌점 &amp; 온 유어 마크,그럼 모두들 즐거운 주말 보내시고 행복한 하루 보내세요:) #경복궁러닝 #광화문러닝 #서울러닝 #카멜커피서촌 #온유어마크 #러닝편집샵 #경복궁영추분 #서울종로러닝 #시티런,https://blog.naver.com/bigway22/224016459945,"경복궁,광화문,카멜,커피,촌점,마크,모두,주말,하루,모리,여행,네이버,블로그"
서울러닝,더현대 서울 러닝 성지 TRC Seoul 러닝클럽 편집샵,요즘 짝꿍이 러닝에 제대로 빠져버려서 함께 더현대 서울을 갔다가 러너들 사이에서 핫하다는 TRC Seoul을 직접 다녀왔습니다 오늘 글에서는 더현대 서울 러닝 성지로 불리는 공간이 왜 그렇게 주목받는지 그리고... ,https://blog.naver.com/gpwl98/224232280133,"현대,성지,클럽,편집,요즘,짝꿍,제대로,현대,러너,사이,직접,현대,성지,공간,주목,웰니스,노트,네이버,블로그"
서울러닝,"서울 출장 중 만난 도심 속 오아시스, 경의선 숲길 아침 러닝 6k",#경의선숲길 #서울러닝코스 #서울출장 #서울가든호텔 #경의선광장 #서강대역 #홍대입구역 #공항철도 #모닝러닝 #오런완 #오운완 #러닝기록 #런스타그램 #씬장군 #행복러너 #서울조깅 #도심러닝... ,https://blog.naver.com/geolsb/224252256098,"출장,만난,도심,오아시스,경의선,숲길,씬장군,대한민국,보기,네이버,블로그"
서울러닝,"3월에만 19개, 서울 마라톤 과열 논란 러닝 열풍의 그림자... ",#서울마라톤 #러닝열풍 #마라톤대회 #서울교통통제 #러닝문화 #도심마라톤 #서울러닝 #마라톤논란 #러닝인구증가 #생활스포츠 사진출처 - &quot;주말마다 차 막혀요&quot; 도심 한복판 마라톤에 불편 호소하는 시민들 / 14F... ,https://blog.naver.com/times_minton/224235284484,"과열,논란,열풍,그림자,사진,출처,주말,도심,복판,불편,호소,시민,네이버,블로그"
서울러닝,2026 서울러닝엑스포! 동마 서울마라톤 참가라면 꼭 가야할... ,"2026 서울 러닝 엑스포 소식 가져왔어요. 입장료나 사전 예약 없이 무료로 입장 가능한데요. 서울마라톤 굿즈부터 아디다스, 샥즈 등 다양한 러닝 브랜드가 참가해 볼거리도 많고 러너들에게는 특히... ",https://blog.naver.com/hhyejjin0810/224212800870,"엑스포,참가,라면,가야,엑스포,소식,입장료,사전,예약,무료,입장,부터,아디다스,샥즈,브랜드,참가,볼거리,러너,패션,네이버"
서울러닝,"7979 서울러닝크루 - 여의도, 청계천, 반포 7979SRC","새해 운동계획으로, 심폐지구력 높이는 러닝을 생각하고 계시다면, 무료로 하는 서울시 러닝크루인 7979 서울러닝크루 고려해 보시기 바래요! 인스타 @7979_src 를 팔로우 해 두시고, 3-4월쯤 시작한다는 공지... ",https://blog.naver.com/ipalm/224129166984,"크루,여의도,청계천,반포,새해,계획,폐지,구력,무료,서울시,크루,크루,고려,인스타,팔로우,두시,공지,네이버,블로그"
서울러닝,서울 마포구 상암 하늘공원·노을공원 추천 러닝 코스 후기,두 곳은 마포 주민뿐 아니라 러너들 사이에서도 이미 유명한 서울 대표 러닝 성지라서 꼭 한번 뛰어보고... 싶네요 ^^ #상암러닝 #하늘공원러닝 #노을공원러닝 #상암러닝코스 #서울러닝코스 #마포러닝 #러닝성지... ,https://blog.naver.com/yeepi01/224077996644,"마포구,상암,하늘,노을,후기,마포,주민,러너,사이,대표,성지,한번,보고,스노보드,자덕,네이버,블로그"
서울러닝,서울 K 마라톤 대회 일정 러닝 코스 하프마라톤 10km 달리기,#서울K마라톤 #서울마라톤 #마라톤대회 #러닝대회 #하프마라톤 #10km러닝 #광화문마라톤 #서울러닝 #러닝코스 #마라톤일정 #러닝정보 #국내마라톤 #서울마라톤일정,https://blog.naver.com/qhadldhaus98/224222913307,"대회,일정,하프마라톤,골프,여행가,축구,보미,네이버,블로그"
서울러닝,서울 러닝코스 추천 3.5km 자전거없는 남산둘레길 가는법,"길, 서울 런닝하기 좋은 곳 등 다양하게 즐길 수 있는 서울 러닝코스 추천 장소 소개해 봅니다. 서울 러닝코스 추천으로 꼽는 우선순위가 있으세요? 러닝코스 거리 5km, 10km 등, 러닝할때 뷰?, 한강? 무엇보다... ",https://blog.naver.com/oisuloi/224045210314,"자전거,남산,둘레길,런닝,장소,소개,꼽는,우선,순위,한강,무엇,네이버,블로그"
서울러닝,포켓몬 런 2026 서울 마라톤 일정 러닝 이벤트,포켓몬 런 2026 서울 마라톤 일정 러닝 이벤트 포켓몬 런 2026 in Seoul이 2026년 5월 5일 어린이날 서울... #포켓몬런 #포켓몬런2026 #포켓몬30주년 #서울러닝이벤트 #뚝섬한강공원 #어린이날행사 #한강러닝... ,https://blog.naver.com/qhadldhaus98/224182059981,"포켓몬,일정,이벤트,포켓몬,일정,이벤트,포켓몬,어린이날,골프,여행가,축구,보미,네이버,블로그"
서울러닝,2026 서울 마라톤 일정 러닝 코스 기념품 셔틀버스 총정리... ,서울 마라톤 러닝 코스 풀코스 청계천 동대문 성수 어린이대공원 잠실 이 구간들을 지나 마지막은 잠실종합운동장에서 마무리됩니다. 서울 중심부에서 동쪽으로 이어지는 코스입니다. 도심 풍경을 보며... ,https://blog.naver.com/qhadldhaus98/224207019901,"일정,기념품,셔틀버스,정리,청계천,동대문,성수,어린이,잠실,지나,마지막,잠실,종합,운동장,마무리,중심부,동쪽,도심,풍경,골프"
서울러닝,제11회 서울트레일런 대회 접수 일정 코스 [산악 트레일러닝],거리가 길어질수록 난이도는 가볍지 않습니다. 준비 단단히 하고 출발하시기 바랍니다. #서울트레일런 #서울트레일러닝 #산악트레일 #109km #50km #북한산트레일 #트레일러닝 #서울트레일런대회,https://blog.naver.com/qhadldhaus98/224180830003,"트레일,대회,접수,일정,산악,트레일,난이도,준비,출발,골프,여행가,축구,보미,네이버,블로그"
서울러닝,여의도 더현대서울 러닝 팝업 TRC SEOUL 오픈｜뉴마핏 러닝... ,마세요  #더현대서울 #더현대서울팝업 #여의도더현대 #TRC서울 #러닝클럽서울 #러닝팝업 #뉴마핏러닝진단 #러닝체험 #서울팝업추천 #더현대팝업 #여의도가볼만한곳 #서울데이트코스 #러닝화추천 #가민... ,https://blog.naver.com/jtypelove/224222358097,"여의도,현대,팝업,오픈,뉴마,네이버,블로그"
서울러닝,러닝 전문 박람회! 서울마라톤이 준비한 &lt;2026 서울러닝엑... ,"다양한 러닝 브랜드와 장비, 러닝 커뮤니티를 한자리에서 만나볼 수 있는 행사입니다. 서울마라톤의 공식 엑스포라니, 더 기대가 됩니다. 서울러닝엑스포 2026 SEOUL RUNNING EXPO 장소... ",https://blog.naver.com/opencareblog/224211562762,"전문,박람회,준비,브랜드,장비,커뮤니티,한자리,나볼,행사,공식,엑스포,기대,엑스포,장소,오픈,케어,철인,모든,네이버,블로그"
서울러닝,벚꽃 터널 아래를 달리다♂️ 서울 벚꽃 러닝 명소 &amp; 2026... ,#2026벚꽃 #벚꽃개화시기 #서울벚꽃명소 #벚꽃축제 #벚꽃만개시기 #전국벚꽃지도 #봄나들이 #꽃구경#벚꽃엔딩 #벚꽃러닝 #러닝명소 #서울러닝코스 #런린이 #러너 #여의도벚꽃 #석촌호수벚꽃 #서울숲... ,https://blog.naver.com/dudgmlqo/224214307928,"벚꽃,터널,아래,달리,벚꽃,명소,벚꽃,엔딩,아빠,네이버,블로그"
서울러닝,러너들의 루프밴드 하체운동ㅣ2026 서울마라톤 공식 러닝... ,세라밴드 루프밴드로 완성하는 하체 운동 밸런스 루틴 잠스트 2026 서울마라톤 공식 서울 러닝 클래스 FULL반 세션에서 진행된 SSL KOREA 정다움 코치님의 특별한 러닝 훈련 트레이닝 현장을 공유합니다! 이번... ,https://blog.naver.com/naum7575/224206785602,"러너,루프,밴드,하체,공식,세라,밴드,루프,밴드,완성,하체,밸런스,루틴,잠스트,공식,클래스,세션,진행,코치,트레이닝"
서울러닝,러닝화 브랜드 써코니 더메이즈 서울 러닝 이벤트 후기,"저도 기회가 된다면 경험해보고 싶은 러닝화에요. 써코니 더메이즈 서울은 공정하게 진행되는 스위스 방식으로 진행되는 릴레이 레이스 경기였어요. 스위스 방식은 토너먼트와 다른 개념으로, 비교적 적은... ",https://blog.naver.com/allaboutcanada/224025681174,"브랜드,메이즈,이벤트,후기,기회,경험,메이즈,진행,스위스,방식,진행,릴레이,레이스,경기,스위스,방식,토너먼트,다른,개념,비교"
서울러닝,서울 러닝코스 댕댕런 강아지런 코스 지도 gpx 8.7km 완주,"함께 서울 러닝코스 강아지런 코스 지도를 따라서 산책을 하고 왔어요! 저는 아래와 같은 댕댕이 모양으로 산책했고, 총 거리는 8.8km, 시간은 2시간 22분 걸렸어요. 강아지런 코스 시간으로 러닝을 감안하자면... ",https://blog.naver.com/goldendaebak/224134628217,"댕댕,강아지,지도,완주,강아지,지도,따라서,산책,아래,댕댕,모양,산책,강아지,감안,네이버,블로그"
서울러닝,서울 러너라면 필독!... 무료 샤워장 등 러닝 정보 모음.zip,"서울 러닝 행사, 러닝 인프라, 러너 편의시설 정보를 한눈에 정리했습니다. 러닝이 하나의 라이프스타일로 자리 잡으면서 서울 곳곳에서도 달리기를 즐기는 시민들이 늘고 있습니다. 서울에서는 이런 흐름에... ",https://blog.naver.com/haechiseoul/224214018654,"러너,라면,필독,무료,샤워,정보,모음,행사,인프라,러너,편의,시설,정보,한눈,정리,하나,라이프스타일,자리,곳곳,시민"
서울러닝,서울 러닝 코스 올림픽공원 러닝 &amp; 단풍 -빵집 추천... ,서울 러닝 코스 올림픽공원 러닝 &amp; 단풍 르봉마리아쥬 베이커리! 안녕하세요. 모리입니다. 오늘은 서울... 르봉마리아쥬 서울 송파구 올림픽로 417 1층 올림픽 회관 맞은편 쪽에 위치하고 있습니다. 매일 오전... ,https://blog.naver.com/bigway22/224084412055,"올림픽,단풍,빵집,올림픽,단풍,르봉,마리아,베이커리,모리,르봉,마리아,송파구,올림픽로,올림픽,회관,맞은편,위치,매일,오전,모리"
서울러닝,"러닝 후기, 도심 속 호수뷰 서울 달리기 명소 러닝코스 추천",#석촌호수 #석촌호수러닝 #석촌호수코스 #서울러닝코스 #잠실러닝 #서울달리기 #러닝코스추천 #서울러너 #호수뷰러닝 #도심러닝 **종아리 압박 회복에 최고! 러닝용품 추천,https://blog.naver.com/yeepi01/223999691424,"후기,도심,호수,명소,종아리,압박,회복,최고,용품,스노보드,자덕,네이버,블로그"
서울러닝,매주 목요일 함께 달려요! 7979 서울 러닝크루,(수) - 매월 첫째주 월요일 사전 신청 오픈 - 동마클럽 및 서울시 공공서비스예약에서 신청 가능 - 놓쳤다면? 현장 접수도 OK ◆ 러닝코스 [러닝 집결지 중 선택 1] - 초급자 / 광화문권역 - 중급자... ,https://blog.naver.com/seoulsportal/224239311408,"목요일,크루,매월,월요일,사전,신청,오픈,클럽,서울시,서비스,예약,신청,가능,현장,접수,집결,선택,광화문,서울특별시,체육회"
서울러닝,서울 벚꽃런 몽마르뜨공원 러닝 코스,없이 마라톤을 할 수 있음 관심 있는 분들은 뛰뛰ㄱㄱㄱ  기간: 3월 21일 ~ 4월 30일  참가비: 3만원  코스: 4.5km / 9.5km 선택 가능 #서울벚꽃 #벚꽃러닝 #서리풀공원 #몽마르뜨공원 #벚꽃런 #서울러닝코스 #랭킹마라톤,https://blog.naver.com/ddmjk/224256284744,"벚꽃,몽마,르뜨,관심,기간,참가,선택,가능,재미,네이버,블로그"
서울러닝,할 서울 러너들 주목! ➡️ 다시 돌아온 '서울 러닝순찰대... ,"운동하면서 봉사도 할 수 있는 의미 있는 활동, 서울 러닝순찰대란? 서울시 자치경찰위원회에서는 러닝을 하며 동네 안전을 함께 살피는 ‘서울 러닝순찰대’를 운영합니다. 올해는 참여 기회를 넓혀 10개... ",https://blog.naver.com/haechiseoul/224236781904,"러너,주목,다시,순찰,봉사,의미,활동,순찰,대란,서울시,자치,경찰,위원회,동네,안전,순찰,운영,올해,참여,기회"
서울러닝,매주 목요일 7979 서울 러닝크루와 함께 달려요~,"바로가기 △ 서울시 공공서비스 예약 바로가기 이해를 돕기 위한 예시 이미지 7979 서울 러닝크루는 수준별 러닝 코스를 운영 중이라, 러닝 초보부터 고수까지 모두 다 즐길 수 있어요!  게다가 중·상급... ",https://blog.naver.com/hot2hot2seoul/224238495579,"목요일,크루,바로가기,서울시,서비스,예약,바로가기,이해,돕기,예시,이미지,크루,수준별,운영,중이,초보,고수,모두,게다가,상급"
서울러닝,뉴발란스 x 기안84 Run &amp; Party 서울 마라톤 일정 &amp; 러닝... ,숨이 턱 끝까지 차오르는 그 살아있는 감각을 즐겁게 만끽해 보시길 바랍니다. #RunYourWay #뉴발란스마라톤 #런앤파티 #러닝 #서울마라톤일정 #마라톤 #뉴발란스성수 #성수팝업 #뉴발란스이벤트,https://blog.naver.com/qhadldhaus98/224249549157,"뉴발란스,기안,일정,감각,만끽,골프,여행가,축구,보미,네이버,블로그"
서울러닝,러닝크루 주목! 제이엘브 이벤트 서울 러닝코스 정보,"그런데 이번에는 대표적인 서울 러닝코스를 완주하면서, 동시에 특별한 선물까지 받을 수 있는... 달리기를 즐기는 러닝크루 여러분, 이번 제이엘브 행사를 통해 서울 속 러닝 여정을 기록하고, 땀과... ",https://blog.naver.com/nicenet/224023619006,"크루,주목,제이,이벤트,정보,대표,완주,동시,선물,크루,여러분,제이,행사,통해,여정,기록,근육,요정,알프,네이버"
서울러닝,더현대 러닝 클럽 방문기 : TRC 서울,"식지않는 러닝 열풍에 더현대, 판 키웠다 -현대백화점, 더현대서울 러닝클럽 오픈 -측정부터 코칭까지 ... 체험형 플랫폼 구현 -여의도 러닝코스와 연계 ... 러닝성지 전략 더현대 서울 4층 Life&amp;Balance 전국에서... ",https://blog.naver.com/wonho6743/224237882134,"현대,클럽,방문,식지,열풍,현대,현대,백화점,현대,클럽,오픈,측정,코칭,체험,플랫폼,구현,여의도,성지,전략,현대"
서울러닝,2024 시즌마감 마라톤 대회 서울 마라톤 일정 러닝 코스 기념품,마라톤대회 #하프코스 #10km러닝 #5km러닝 #10km커플런 #완주메달 #러닝기념품 #러닝코스 #마라톤준비물 #러닝즐기기 #겨울마라톤 #서울러닝 #한강러닝 #러너들의축제 #팀워크러닝 #서울마라톤일정 #러닝 #마라톤,https://blog.naver.com/qhadldhaus98/223690438965,"시즌,마감,대회,일정,기념품,대회,골프,여행가,축구,보미,네이버,블로그"
서울러닝,포기할 수 없는 서울 러닝 명소 3곳과 안전 가이드 발목보호대... ,서울 겨울 러닝 추천 코스 BEST 3 그럼에도 불구하고 겨울 러닝을 포기할 수 없는 여러분을 위해 서울에서 겨울에도 안전하고 즐겁게 달릴 수 있는 코스 3곳을 엄선했습니다. 올림픽공원: 넓고 평탄한 코스로 초보... ,https://blog.naver.com/roh339/224142893226,"포기,명소,안전,가이드,발목,보호대,겨울,불구,겨울,포기,여러분,위해,겨울,엄선,올림픽,초보,기초,영어,회화,실력"
서울러닝,서울마라톤 주간 BTGSEL 2026 러닝 커뮤니티 이벤트 일정,"이 행사는 단순한 러닝 이벤트가 아니라 서울 러닝 커뮤니티가 함께 만드는 마라톤 주간 프로그램이다. 서울에서 활동하는 러닝 크루인 Seoul Venus, PRRC, Eighty Eight Seoul, 그리고 Nike... ",https://blog.naver.com/realpsg/224214729591,"주간,커뮤니티,이벤트,일정,행사,이벤트,커뮤니티,주간,프로그램,활동,크루,트렌드,네이버,블로그"
서울러닝,구로 올레길 트레일러닝 :: 서울 벚꽃 러닝명소  / 서울 둘레길... ,재밌게 잘 훈련했습니다  #구로올레길 #구로둘레길 #구로올레길 #천왕산 #개웅산 #매봉산 #트레일러닝 #서울트레일러닝 #구로올레길트레일러닝 #트레일러닝훈련 #서울둘레길 #구로둘레길코스 #서울트레일러닝코스,https://blog.naver.com/chita000/224250307624,"구로,올레길,트레일,벚꽃,명소,둘레길,월세,세계,여행,네이버,블로그"
서울러닝,서울 러닝 코스 추천 북촌 런허브 러닝화 대여하고 댕댕런 안암... ,#북촌러닝 #댕댕런 #나혼자산다댕댕런 #서울러닝코스 #이색러닝코스 #뉴발란스런허브 #런허브북촌 #러닝화대여 #퓨어셀레벨v5 #북촌안암 #미슐랭돼지국밥 #굿러너컴퍼니 #굿러너컴퍼니북촌 #삼청동호떡,https://blog.naver.com/kirruazz/224231482511,"북촌,허브,대여,댕댕,안암,먹기,위해,여자,라이프,네이버,블로그"
서울러닝,"러닝 발목보호대 추천하는 이유, 서울마라톤 러닝 엑스포... ",풀려 뛸 때 불편하신 분 #러닝발목보호대 #서울마라톤러닝엑스포 #서울러닝엑스포 #러닝준비물 #발목보호대 #러닝이벤트 #잠스트 #필르미스타앵클#러닝보호대 #러닝 #마라톤 #마라톤발목보호대 #발목보호대추천,https://blog.naver.com/9994gh/224204741106,"발목,보호대,이유,엑스포,보호대,네이버,블로그"
서울러닝,서울 러닝클래스 내돈내산 수업 후기,"베가베리 서울 러닝프로그램을 알게 되었어요 2. 러닝과 영양을 연결하는 베가베리 그렇게 찾게 된 게... 철학 러닝 전후 섭취할 수 있는 제품 제공부터 체계적인 코칭 시스템, 커뮤니티 활동까지 서울에서... ",https://blog.naver.com/qnpfrhh3/223914286577,"클래스,수업,후기,베가,베리,프로그램,영양,베가,베리,철학,전후,섭취,제품,제공,체계,코칭,시스템,커뮤니티,활동,수애"
서울러닝,2026 서울러닝엑스포 SEOUL RUNNING EXPO,2026 서울마라톤 겸 제96회 동아마라톤 대회가 열리는 날입니다. 동아마라톤에 참가하는 해외... #서울러닝엑스포 #러닝엑스포 이제 본격적으로 서울러닝엑스포를 둘러보겠습니다~ 첫 번째 전시장에... ,https://blog.naver.com/supershim2/224216616591,"엑스포,동아마라톤,대회,동아마라톤,참가,해외,이제,본격,엑스포,전시장,네이버,블로그"
서울러닝,인스타 핫한 서울 러닝클럽 추천! 언노운 크루보다 더 핫한... ,"인스타에서 제일 핫한 서울 러닝 크루 글 @테니제로 이미지 @instagram 서울 러닝 크루 션을 주축으로... 서울 내에서 정기 러닝 클럽으로 활동하고 있지만, 러닝 프로그램 외에 룰루레몬, 언더아머 등 스포츠... ",https://blog.naver.com/hhyejjin0810/224081082492,"인스타,클럽,언노운,크루,인스타,제일,크루,제로,이미지,크루,주축,정기,클럽,활동,프로그램,룰루,레몬,스포츠,패션,네이버"
서울러닝,서울 러닝 15km 코스 송파둘레길+올림픽공원,안녕하십니까 원래 오늘 월간러닝이었는데 시간 약간 애매함 이슈+내가 630페이스 장거리 못 따라감 ㅠ... 분당쪽 이렇게 집값높은곳을 간접 러닝 임장(?) 자전거로 지나다니던 천호대교 앞. 라이더들도 많다!!... ,https://blog.naver.com/greeenworld/224257446643,"송파,둘레길,올림픽,안녕하십니까,원래,월간,약간,이슈,장거리,분당,집값,간접,자전거,천호대교,라이더,네이버,블로그"
서울러닝,2026 서울러닝엑스포 방문 후기 – 러닝용품 쇼핑과 이벤트 구경,공감과 댓글은 힘이 됩니다.❤️ #서울러닝엑스포 #서울러닝엑스포2026 #서울마라톤 #2026서울마라톤 #서울마라톤엑스포 #러닝엑스포 #러닝행사 #러닝박람회 #러닝이벤트 #러닝용품 #러닝양말 #러닝모자... ,https://blog.naver.com/iamfree-/224217134867,"엑스포,방문,후기,용품,쇼핑,이벤트,구경,공감,댓글,로그,일상,행복,기록,네이버,블로그"
서울러닝,동대문디자인플라자 DDP: 2026 서울 러닝 엑스포,오늘자 스포츠동아 메인에 서울러닝엑스포 기사가 있길래 봤더니 오늘부터 일요일까지 서울마라톤 개최에 앞서 러닝엑스포가 열린다는 거다! 오늘 12시부터라고 해서 점심 먹고 다녀왔다. 지하 1층에 마련된... ,https://blog.naver.com/k233572748/224215244323,"동대문,디자인,플라자,엑스포,스포츠동아,메인,엑스포,기사,일요일,개최,앞서,엑스포,점심,지하,마련,네이버,블로그"
서울러닝,서울 러닝코스 추천 가볍게 7km 조깅,진짜 푹 쉬고 밥먹고 내일은 상황봐서 쉬던가 해야지 러닝이 운동으로써 가성비가 좋은 운동인건지 잘 모르겠다 ㅋㅋㅋㅋ 타코야키 아저씨.. 참자참자.. &lt;주제&gt; 서울 러닝코스 추천 가볍게 7km 조깅 &lt;거리&gt; 7km,https://blog.naver.com/1manbo/224252425125,"조깅,진짜,내일,상황,가성,타코야키,아저씨,주제,조깅,에세이,네이버,블로그"
서울러닝,2026 서울러닝엑스포 – DDP 러닝 행사 일정 및 정보,공감과 댓글은 힘이 됩니다.❤️ #서울러닝엑스포 #서울러닝행사 #러닝엑스포 #서울마라톤 #DDP행사 #러닝이벤트 #러닝문화 #마라톤행사 #러닝정보 #서울러닝,https://blog.naver.com/iamfree-/224205790328,"엑스포,행사,일정,정보,공감,댓글,로그,일상,행복,기록,네이버,블로그"
서울러닝,"2026 서울러닝엑스포, 린클 부스에서 확인하는 지속가능 라이프","안녕하세요, 린클입니다 3월 13일부터 15까지 열리는 2026 서울러닝 엑스포에 참가합니다! 서울러닝... 자연의 선순환을 실천하는 린클과 건강한 라이프스타일을 추구하는 러닝!♂️ 서울엑스포 현장에서... ",https://blog.naver.com/hanmiflexible/224211258968,"엑스포,부스,확인,지속,가능,라이프,엑스포,참가,자연,순환,실천,라이프스타일,추구,엑스포,현장,공식,블로그,네이버,블로그"
서울러닝,서울 런트립(1) 열린송현... 세운상가 - 서순라길 10km 러닝코스,가방 맡기고 달리니 정말 좋다! #서울런 #런트립 #공박위크 #슬로우러닝 #부상없이달리기 #seoultour #runtrip #zone2 #lowheartratetraining #saucony #달리는건축가 #달리는건축가조한 #서울투어 #러닝코스 #서울러닝코스,https://blog.naver.com/jluke313/224093976248,"런트립,열린송현,세운상가,가방,정말,건축가,건축,철학,연구소,네이버,블로그"
서울러닝,♂️린클 in 2026 서울러닝엑스포 생생한 현장으로 RUN!!,15(일) 위치 : DDP(동대문 디자인플라자)1F A-171 2026 서울러닝엑스포는 국내 첫 러닝 박람회로 13일에서 15일까지 동대문디자인플라자(DDP)에서 진행됩니다. 이번 엑스포에서는 서울마라톤 공식 파트너사와... ,https://blog.naver.com/hanmiflexible/224215219926,"엑스포,현장,위치,동대문,디자인,플라자,엑스포,국내,박람회,동대문,디자인,플라자,진행,엑스포,공식,파트너,공식,블로그,네이버,블로그"
서울러닝,롯데월드몰 룰루레몬 서울 2026 러닝 커뮤니티 클럽하우스... ,기프트백 안에 서울2026 러닝 관련 스티커가 들어있었습니다. 패스트 앤 프리 스위프틀리 룰루레몬 서울 2026 러닝 팝업스토어 나만의 치어보드 만들기 러닝크루와 3월 15일 동아마라톤 참가자를 위한 응원... ,https://blog.naver.com/stculture09/224234813403,"롯데,월드,룰루,레몬,커뮤니티,클럽,하우스,기프트,관련,스티커,패스트,프리,위프,룰루,레몬,팝업,스토어,보드,만들기,크루"
서울러닝,2025 새해일출런 서울 마라톤 일정 러닝 코스 기념품,"2025 새해일출런 서울 마라톤 일정 러닝 코스 기념품 2025년의 첫날, 2025 새해일출런으로 한해를... 기념품 #안양천마라톤 #5km달리기 #10km달리기 #새해첫날 #마라톤 #러닝 #서울러닝 #마라톤참가 #러닝대회",https://blog.naver.com/qhadldhaus98/223701638231,"새해,일출,일정,기념품,새해,일출,일정,기념품,첫날,새해,일출,한해,기념품,골프,여행가,축구,보미,네이버,블로그"
서울러닝,2026년 서울 러닝 순찰대 모집 공고,2026 서울 러닝 순찰대 모집 공고 “우리 동네는 우리가 달리며 지킨다” 서울시 자치경찰위원회는 시민의 자율적인 참여를 바탕으로 러닝을 하며 방범순찰 임무를 수행하는‘서울 러닝 순찰대’를... ,https://blog.naver.com/120seoulcall/224231491515,"순찰,모집,공고,순찰,모집,공고,동네,달리,서울시,자치,경찰,위원회,시민,자율,참여,바탕,방범,순찰,임무,수행"
서울러닝,서울특별시체육회⚡️ 러너들의 성지! 2026 서울 러닝 엑스포... ,"서울마라톤의 설렘이 시작되는 곳, [2026 서울 러닝 엑스포] 내 서울특별시체육회 홍보부스에 방문해 주신 모든 분들 감사합니다!  러닝을 사랑하는 분들의 뜨거운 에너지 덕분에 엑스포 현장이 활기로 가득... ",https://blog.naver.com/seoulsportal/224219777343,"서울특별시,체육회,러너,성지,엑스포,시작,엑스포,서울특별시,체육회,홍보,부스,방문,주신,모든,사랑,에너지,덕분,엑스포,현장,활기"
러닝코스추천,"괌 러닝코스 추천(이파오비치, 사랑의절벽, Kmart)",두짓비치 리조트 - Kmart 왕복4km 투몬시내에서 Kmart까지 달리는건데 이건 러닝코스로 볼 수는 없을거같고 Kmart안가기는 아쉬워서 그냥 아침에 뛰어서 다녀왔다?는 정도 겠어요. Kmart가는 길은 이파오비치로 가는... ,https://blog.naver.com/chongmu1024/224100930425,"파오,비치,사랑,절벽,비치,리조트,왕복,투몬시내,이건,그냥,파오,비치,네이버,블로그"
러닝코스추천,제주 쇠소깍 서귀포 러닝코스 효돈구경 트멍길 추천,찍는거 원하시면 쇠소깍 러닝코스 추천해요~ ㅎ 쇠소깍이 곧 보일 것 같아 설레면서 뛰었어요 ㅎㅎㅎ 사실 용두암도 그렇고 쇠소깍도 그렇고 굳이 거길 가야해? 라고 생각했던 명소들인데 러닝코스 목적지로... ,https://blog.naver.com/bertering/224216899683,"제주,쇠소깍,서귀포,효돈,구경,트멍길,쇠소깍,쇠소깍,사실,용두암,쇠소깍,굳이,거길,명소,목적지,어나더,제이,트래블,노트,네이버"
러닝코스추천,"트레블로지 님만 조식 맛집(+수영장 호텔, 인근 러닝코스 추천)",숙소 추천두립니당 피트니스도 작지만 수영장 뷰라 뷰맛집이라는 ~ 은근 조경이랑 건축물 미감 이런것도 멋졌던 ~~ 치앙마이 러닝코스 치앙마이대학교 앙깨우저수지 서양인들에게 유명한 러닝코스... ,https://blog.naver.com/loopy0032/224144248103,"트레블,로지,조식,맛집,수영장,호텔,인근,숙소,피트니스,수영장,맛집,은근,조경,건축물,미감,치앙마이,치앙마이,대학교,저수지,서양인"
러닝코스추천,2026 서울유아차런 훈련 고양시 러닝코스 성사체육공원 추천,성사체육공원에서 매우 가까우니 추천드려봅니다. 집에 오니 도착한 2026 서울유아차런 배번호 집에... 고양시러닝코스 #고양시러닝코스추천 #성사체육공원러닝 #성사체육공원 #성사체육공원주차... ,https://blog.naver.com/enterside/224225035937,"유아차,고양시,성사,체육,체육,매우,오니,도착,유아차,번호,고양시,아빠,네이버,블로그"
러닝코스추천,러닝 초보의 수영강부터 광안리 봄 부산 벚꽃러닝 코스 추천,러닝초보의 한달기 수영강~ 광안리 방면 수영강 벚꽃러닝 코스 영감과 장기연애를 하면서 운동은 항상... 무릎만 조심해서 달리면 정말정말 누구에게나 추천하고 싶은 러닝..! 러닝화 한 개만 있으면 걍 달리면... ,https://blog.naver.com/heechulnice/224255844073,"초보,수영강,광안,부산,벚꽃,초보,달기,수영강,광안,방면,수영강,벚꽃,영감,장기,연애,항상,무릎,달리,누구,달리"
러닝코스추천,"서울 러닝코스 추천, 처음 시작하기 좋은 구간은 어디일까",오늘은 서울 러닝코스 추천해드리도록 하겠습니다.  처음 러닝을 시작할 때 어떤 코스가 부담이 적을까... 같은 코스라도 목적에 따라 평가가 달라집니다. 그래서 추천 기준도 개인차가 큽니다. 자신이 원하는... ,https://blog.naver.com/fing3rscompany/224122802761,"처음,시작,어디,처음,시작,부담,목적,평가,기준,개인,자신,핑거스,네이버,블로그"
러닝코스추천,제주공항근처 제주시 5km 러닝코스 및 러닝템 추천,완전 추천! 특히 공항 근처에서 오션 뷰 러닝을 할 수 있다는 점이 생각보다 큰 장점이었고요 ⸝⸝ʚ̴̶̷̆ ̯ʚ̴̶̷̆⸝⸝ 제주도 갈 때마다 이 코스로 뛰겨 싶을 정도로 괜찮았습니다 다들 재밌는 제주도여행... ,https://blog.naver.com/24-08-30/224229914368,"제주,공항,제주시,완전,공항,오션,장점,제주도,제주도,여행,다음,어디,네이버,블로그"
러닝코스추천,"미사호수공원 러닝 추천 코스와 주변 식당&amp;카페(위치,주차정보)",호수공원 러닝코스 추천코스1 미사호수공원 크게 한 바퀴(약 5km) 호수공원의 장점은 구불구불한 길... 추천코스2 호수공원 반바퀴 &amp; 누리공원(약 5km) 5km로 부족한 경우 한 바퀴 더 돌아도 되지만 또 다른 루트가... ,https://blog.naver.com/carenamnam/224213052333,"미사,호수,식당,카페,위치,주차,정보,호수,미사,호수,크게,바퀴,호수,장점,호수,바퀴,누리,경우,바퀴,다른"
러닝코스추천,속초 영랑호 러닝 코스 추천｜초보도 가능한 벚꽃 러닝 명소,"귀여우신 어머님들  벚꽃 시즌, 낭만 러닝 완성 벚꽃 시즌에는 호수를 끼고 낭만러닝을 즐길 수 있는 속초, 영랑호 러닝 코스 적극 추천입니다. ✔️속초, 영랑호 러닝 장점 - 초보자도 도전 가능한 편안한... ",https://blog.naver.com/gongyoga/224255259465,"속초,초보,벚꽃,명소,어머님,벚꽃,시즌,낭만,완성,벚꽃,시즌,호수,낭만,속초,적극,속초,장점,초보자,도전,네이버"
러닝코스추천,도쿄 런트립 만족도 높은 도쿄 러닝 코스 추천,"1일차 : 아자부다이힐스 도쿄 여행 1일차 아자부다이힐스 러닝을 추천드립니다. 도쿄에 시내에 도착하면... 도쿄 여행 중 좋았더니 순간들이 많았지만, 이날 러닝 코스 만족도가 높아서 만족하며 하루를 마무리할... ",https://blog.naver.com/needtime0514/224046420888,"도쿄,런트립,만족도,도쿄,아자부,힐스,도쿄,여행,아자부,힐스,도쿄,시내,도착,도쿄,여행,순간,만족도,하루,마무리,마케터"
러닝코스추천,경주 보문단지 러닝 코스 추천 : 보문호 7km,보문 러닝 코스를 찾는다면 무조건 추천이요 보문호 러닝 기록 가민포러너 265 첫 개시의 날 무게가 참 가볍고 한눈에 바로 확인되는 디스플레이 또한 너무 마음에 쏙 든다. 특히 실시간 맵은 너무 쵝오... ,https://blog.naver.com/mi_ssong/224032727083,"경주,보문,단지,보문호,보문,무조건,보문호,기록,민포,러너,개시,무게,한눈,바로,확인,디스플레이,또한,마음,실시간,쵝오"
러닝코스추천,"동천 벚꽃 개화현황(26.03.23) , 순천 러닝코스 추천",러닝 코스로 추천하는 이유 ✔ 오천그린광장 → 동천 연결 코스 ✔ 평지 위주라 초보 러너도 가능 ✔ 풍경 보면서 힐링 러닝 가능 저는 평소대로 5k 뛰었는데 바람도 선선하고 풍경이 좋아서 운동이 아니라... ,https://blog.naver.com/yangji310/224226504855,"동천,벚꽃,개화,현황,순천,이유,그린,광장,동천,연결,평지,위주,초보,러너,가능,풍경,힐링,가능,평소,바람"
러닝코스추천,태닝키티와 함께한 비치로드 사이판 러닝코스 추천❤️,사이판 러닝코스 추천 사이판에 와서 꼭 하고 싶었던 액티비티 러닝!!! 사이판에서는 실제로 크고 작은... 강사님이 추천해주신 비치로드를 달려보기로했다! 가라판에서 조금 더 내려가면 바로 바닷가 옆에서... ,https://blog.naver.com/pjjy4996/224138318098,"태닝키티,비치,로드,사이판,사이판,사이판,티비,사이판,실제,강사,비치,로드,보기,가라,조금,바로,바닷가,고구마,네이버,블로그"
러닝코스추천,성북천 산책로 서울 혼자여행 러닝코스 추천,"성북천 서울 혼자여행 산책로 러닝코스 추천 © 글 사진 | 모리송 안녕하세요 :) 전국 방방곡곡을... 서울혼자여행이나 러닝코스, 산책할 곳을 찾고 계신다면 여기는 꼭 한 번 걸어보시길 추천드릴게요! 다음에도... ",https://blog.naver.com/who_u_who/223919691513,"성북천,산책로,여행,성북천,여행,산책로,사진,모리,전국,방방곡곡,여행,산책,다음,모리,네이버,블로그"
러닝코스추천,서울 초보 러닝 코스 추천 어린이대공원 붕어빵런 5KM 달리기,붕어빵런을 마치고 나서 붕어빵을 사 먹는 것도 일종의 코스라는데 저희는 다이어터들(?)이라 패스했어요 ㅋㅋㅋ 이색적인 풍경 속에서 즐겁게 뛰고 싶은 분들에게 어린이대공원 서울 러닝 코스를 강력 추천... ,https://blog.naver.com/sinnyarea/224131004045,"초보,어린이,붕어빵,붕어빵,마치,붕어빵,일종,다이어터,패스,이색,풍경,어린이,강력,사계절,아웃도어,안내서,네이버,블로그"
러닝코스추천,호주 시드니 러닝 코스 추천! 여행준비 하면서 알아보는 러닝... ,호주 시드니 러닝 코스 추천! 여행 전 미리 알아보는 호주에서 달리기 좋은 루트 안녕하세요 여행과... #시드니러닝코스 목차 1. 본다이 비치 → 쿠지 코스탈 워크 2. 오페라하우스 → 로열 보타닉 가든 3.... ,https://blog.naver.com/octobersy/224123673753,"호주,시드니,여행,준비,호주,시드니,여행,미리,호주,루트,여행,목차,비치,오페라,하우스,로열,가든,머핀,액티브,라이프"
러닝코스추천,서초구 러닝코스 추천 예술의전당 다녀오기,서초구 러닝코스 추천 예술의전당 다녀오기 어제는 시원하게 봄비 쏟아져서 같이 시원하게 쉬어주고 4월 10일 불금 서초구 러닝코스로 오랜만에 예술의전당 다녀오기로 했다. 오우.. 오늘 날씨 재질 무엇..?... ,https://blog.naver.com/1manbo/224248245697,"서초구,예술의전당,서초구,예술의전당,어제,봄비,불금,서초구,예술의전당,오우,재질,무엇,에세이,네이버,블로그"
러닝코스추천,의정부 중랑천 러닝코스 추천,"의정부 중랑천 러닝코스 추천 드릴려고 합니다. 보통 달리기를 하시는 분들은 지역에서 물줄기, 하천을... 앞에 사람 한두명만 있어도 러닝하는데 되게 불편 하더라구요. 여튼 제가 추천 드리는 코스로 쭉쭉... ",https://blog.naver.com/cookbad/224234120976,"의정부,중랑천,의정부,중랑천,보통,지역,물줄기,하천,불편,쭉쭉,돌콩,네이버,블로그"
러닝코스추천,"인천 송도 러닝코스 추천, 한 바퀴 달리기 좋은 구간 정리",오늘은 인천 송도 러닝코스를 추천해드리겠습니다. 초보자부터 꾸준히 달리는 러너까지 활용하기 좋은... 인천 송도 러닝코스 추천은 특별한 기술이나 분석이 필요한 문제가 아닙니다. 실제로 많이 달리는... ,https://blog.naver.com/fing3rscompany/224122807356,"인천,송도,바퀴,정리,인천,송도,초보자,러너,활용,인천,송도,기술,분석,문제,실제,핑거스,네이버,블로그"
러닝코스추천,이호테우해변 근처 소품샵 도두슈퍼마켓 제주 러닝 코스 추천,그러니 마음에 드는 제품 보이면 바로 갯하시길 추천해요! 저도 제주 러닝 코스 뛰면서 쇼핑할 계획으로 트레일러닝조끼까지 입고 간 것은 안비밀! 7. 소품샵은 역시 포토존이 생명 작은 키링 하나만... ,https://blog.naver.com/allaboutcanada/224253232365,"이호,우해,소품,슈퍼마켓,제주,마음,제품,보이,바로,제주,쇼핑,계획,트레일,조끼,비밀,소품,역시,포토,생명,키링"
러닝코스추천,겨울에도 핫한! 광안리 해변이 보이는 수영구 러닝코스 추천,광안리 해변이 보이는 수영구 러닝코스 추천 요즘에는 러닝이 참 인기가 많아진 것 같습니다. 추운... 더욱 추천드리는 곳입니다. 삼익비치타운아파트 앞 러닝 코스를 지나 다음으로는 광안리해수욕장 코스로... ,https://blog.naver.com/busan_suyeong/223737906769,"겨울,광안,해변,수영구,광안,해변,수영구,요즘,인기,더욱,삼익,비치,타운,아파트,지나,다음,광안리해수욕장,수영구,공식,블로그"
러닝코스추천,하와이러닝 코스 추천,'성션의 하와이 러닝코스 추천' 1. 5km 하와이 러닝코스 와이키키 비치 - 퀸카피올라니가든... 하와이 러닝은 아침시간을 추천해요. 저는 7시 정도에 나가는걸 좋아하는데요. 길가에 사람들이 별로없는 조용한... ,https://blog.naver.com/chongmu1024/223977800379,"하와이,하와이,하와이,와이키키,비치,카피,하와이,길가,별로,네이버,블로그"
러닝코스추천,순천 러닝코스 추천... 오천그린광장 → 동천수변공원 러닝 코스,"무리하지 않아도 좋고, 지루하지도 않은 훌륭한 코스입니다. 초보 러너에게도 &quot;이정도는 달릴 수 있겠다.&quot; 자신감을 만들어 주는 루트입니다. ✔️ 이런 분들께 추천 • 러닝을 이제 막 시작한 분 • 부담 없이 20... ",https://blog.naver.com/gongyoga/224257626130,"순천,그린,광장,초보,러너,자신감,루트,이제,시작,부담,네이버,블로그"
러닝코스추천,제주 동쪽 섭지코지 러닝 왕복 4km 코스 추천 해녀의집 아침 후기,기록하다보니 러닝 다시 시작해야겟어요.. 제주 섭지코지 러닝 코스 성산 러닝코스 추천 섭지코지... 제주러닝코스 꼭 추천해봅니다 광치기해변 백기해녀의집 제주 성산 해녀의집 추천 신선하다고 후기가 좋아... ,https://blog.naver.com/roiown/224123837814,"제주,동쪽,섭지코지,왕복,해녀,후기,기록,다시,시작,제주,섭지코지,성산,섭지코지,제주,치기,해변,해녀,제주,성산,해녀"
러닝코스추천,"다낭 미케비치 러닝 코스 추천, 반미, 노포 카페, 그랩 스쿠터 복귀",많았어요 러닝 좋아하시면 미케비치 근처 호텔 추천 네스타 호텔 1층에 스벅이 있고요 다낭 시내엔... #미케비치 #미케비치러닝 #다낭러닝코스 #다낭런닝코스 #다낭운동 #베트남러닝 #미케비치반미... ,https://blog.naver.com/us7040/224244064792,"다낭,미케,비치,반미,노포,카페,스쿠터,복귀,미케,비치,호텔,네스타,호텔,스벅,다낭,시내,마늘,네이버,블로그"
러닝코스추천,천안러닝코스 추천 : 불당동 천안 종합운동장 트랙,천안러닝코스 추천 천안 불당동 종합운동장 #천안아산러닝코스 #천안러닝코스 #천안산책 날씨가... 종합운동장 보조경기장을 천안러닝코스로 추천하는 이유는 천안시민이라면 누군나 무료로 이용이 가능하기... ,https://blog.naver.com/na_harulog/224233933162,"천안,불당동,천안,종합,운동장,트랙,천안,천안,불당동,종합,운동장,종합,운동장,보조,경기장,천안,이유,천안,시민,라면"
러닝코스추천,대련 러닝 코스 / 나 홀로 대련... 끼고 가는 대련 베이길 추천,탐방을 넘어 현지인처럼 뛰어보는 즐거움이 생겼다. 이제 어느 도시를 가든지 뛰게 된다. 대련을 뛰면서 딱하나 별로라면 미세먼지는 정말 지독하다. #대련마라톤 #대련러닝코스 #대련러닝 #대련러닝코스추천,https://blog.naver.com/papa3367/224234094211,"대련,홀로,대련,대련,베이,탐방,지인,어보,즐거움,이제,도시,가든,대련,하나,별로,라면,미세먼지,정말,현장,사회"
러닝코스추천,한강공원 러닝코스 추천 일본 무릎보호대 필수 착용 이유,"야경도 멋있어서 밤에 뛰는 것도 추천! * 편의시설: 화장실, 매점, 음수대 등 편의시설이 잘 갖춰져 있어서 불편함 없이 러닝을 즐길 수 있어요. [참고 이미지: 한강공원 코스 지도] 무릎 건강, 왜 중요할까요?... ",https://blog.naver.com/roh339/224056645822,"한강,일본,무릎,보호대,필수,착용,이유,야경,편의,시설,화장실,매점,음수,편의,시설,참고,이미지,한강,지도,무릎"
러닝코스추천,서울 5KM 달리기 러닝 코스 추천 어린이대공원 붕어빵런,서울 5km 달리기 러닝 코스 어린이대공원 붕어빵런 안녕하세요! 광진구 SNS 서포터즈 산시니입니다 :) 요즘 날씨가 많이 풀리면서 러닝 하기 딱 좋아졌는데요~ 오늘은 서울에서 가볍게 뛰기 좋은 5km 달리기... ,https://blog.naver.com/sinnyarea/224199498633,"어린이,붕어빵,어린이,붕어빵,광진구,서포터즈,산시,요즘,사계절,아웃도어,안내서,네이버,블로그"
러닝코스추천,비앙쿠르 출발 센느강 러닝 따라 에펠탑 일출 러닝 코스 추천,"강력하게 추천하고 싶다. 파리 러닝코스 추천 만약 본인의 숙소가 시내 중심가에 있거나, 에펠탑 코스 말고 다른 뷰를 즐기며 뛰어보고 싶다면 파리 시내 곳곳에 위치한 유명한 공원들도 훌륭한 러닝 스팟이... ",https://blog.naver.com/grapefruit--/224254694892,"비앙쿠르,출발,센느강,에펠탑,일출,파리,만약,본인,숙소,시내,중심,에펠탑,다른,보고,파리,시내,곳곳,위치,스팟,덕질"
러닝코스추천,"[경남/양산]뛰기 좋은 곳, 양산천 10km 러닝코스 추천",러닝을 좋아하시는 분들이라면 조용히 풍경을 즐기며 달릴 수 있는 양산천 코스를 한 번쯤 달려보시기를 추천드립니다. 양산천 10km 러닝코스 단감 테마공원 ✅주소: 경상남도 양산시 물금읍 가촌리 1279-11,https://blog.naver.com/gnfeel/224223653541,"경남,양산,양산천,풍경,양산천,보시,양산천,단감,테마,주소,경상남도,양산시,물금읍,촌리,경상남도,공식,블로그,네이버,블로그"
러닝코스추천,서울 트레일러닝 코스 추천 BEST 7: 입문부터 서울트레일런... ,서울 트레일러닝 코스 추천 BEST 7: 입문부터 서울트레일런 대회 준비까지 난이도별 완벽 정리! 산과... 트레일러닝 추천 코스를 난이도별로 정리해 드립니다!  입문 및 초보자 추천: 부담 없는 힐링 숲길... ,https://blog.naver.com/ohayo11/224192536824,"트레일,입문,트레일,트레일,입문,트레일,대회,준비,난이도,완벽,정리,트레일,난이도,별로,정리,입문,초보자,부담,힐링,숲길"
러닝코스추천,서울 러닝코스 추천 (남산공원•위례호수공원 +포천산정호수),러닝화•러닝밸트만 있으면 되니까  사서 잘 쓰구 있는 카르닉 러닝벨트도 함께 추천하구 갑니당 ⬇️⬇️⬇️⬇️⬇️ #러닝코스 #서울러닝코스 #러닝코스추천 #서울러닝코스추천 #러닝벨트추천 #러닝벨트,https://blog.naver.com/dmsal217/224065126599,"남산,위례,호수,포천,산정호수,러닝밸트,사서,카르,벨트,네이버,블로그"
러닝코스추천,"제주여행 러닝, 산책하기 좋은 코스 추천드려요","걸어보지는 못했지만, 시간 여유가 있는 분들이라면 천천히 둘러보기에 괜찮을 것 같아요~ 다음에는 이 코스까지 포함해서 좀 더 여유롭게 걸어보고 싶네요! 지금까지 제주여행 러닝, 산채코스 추천 후기였습니다.",https://blog.naver.com/art_cream/224248305108,"제주,여행,산책,보지,여유,둘러보기,다음,포함,보고,지금,제주,여행,산채,후기,꼬물이,개그,네이버,블로그"
러닝코스추천,치앙마이 러닝코스 추천 | 타패게이트 중심 올드타운 6km 러닝... ,"완성샷 먼저(뿌듯) 요 나이키런 그림 그리는 맛도 있어서, 많이들 도전하시는 코스인데 이번에 저도 해보았습니다! 새벽시간 추천: 6시~8시사이(3월 러닝기준) -가장 선선하고, 시차가 한국과 2시간 차이로... ",https://blog.naver.com/jihit/224214462874,"치앙마이,게이트,중심,드타,완성,먼저,뿌듯,나이키,그림,도전,새벽,기준,가장,선선,시차,한국,차이,일상,여행,기록"
러닝코스추천,"제주 러닝 코스 추천｜산방산에서 송악산까지, 풍경 좋은 10km",산방산에서 송악산까지 약 10km (왕복) 코스를 추천해드릴게요. 깔끔하게 주차 / 코스정보 (사진) / 후기... 오전엔 그렇게 러닝을 즐기고 오후엔 가족과 함께 오전 러닝코스에서 발견했던 스팟에 가서 말도... ,https://blog.naver.com/lmw0614/224118881596,"제주,산방산,송악산,풍경,산방산,송악산,왕복,주차,정보,사진,후기,오전,오후,가족,오전,발견,스팟,아빠,이야기,네이버"
러닝코스추천,상암 하늘공원 러닝 코스 추천 &amp; 광명 철산역 스마트도서관에서... ,하늘공원 10km 러닝 후 알찬 주말 일상 그리고 철산역 스마트도서관 이용방법 안녕하세요... 노을공원업힐코스 #하늘공원노울공원코스 #하늘공원러닝코스추천 #노을공원러닝코스추천 #서울업힐훈련추천,https://blog.naver.com/kkoing821/224257736601,"상암,하늘,광명,철산역,스마트,도서관,하늘,주말,일상,철산역,스마트,도서관,이용,방법,노을,업힐,꼬님,네이버,블로그"
러닝코스추천,[GKNU 캠퍼스 투어] 국립경국대학교 러닝코스 추천,"국립경국대학교 러닝코스 추천 시험 기간, 과제에 지친 하루, 혹은 가볍게 리프레시하고 싶은 날. 멀리... 초보자도 전혀 부담 없는 중앙광장 코스 • 추천 대상 - 러닝 입문자 - 산책 겸 가벼운 조깅을 원하는 분... ",https://blog.naver.com/gknublog/224123545108,"캠퍼스,투어,국립,경국,대학교,국립,경국,대학교,시험,기간,과제,하루,리프,레시,멀리,초보자,전혀,부담,중앙,광장"
러닝코스추천,바르셀로나여행｜시내 러닝코스 추천 - 바르셀로네타 해변... ,"하루는 바르셀로네타 해변 쪽으로, 하루는 몬주익 분수 쪽으로 뛰어보았는데 다녀온 러닝코스를... 해변 공원 시내를 한 번에 볼 수 있어 추천하는 코스 ⭐ 몬주익 분수-까딸루냐 미술관 4km 아쉬운 마음에... ",https://blog.naver.com/orthofairy/224258023774,"바르셀로나,여행,시내,바르셀로네타,해변,하루,바르셀로네타,해변,하루,몬주익,분수,해변,시내,몬주익,분수,까딸루냐,미술관,마음,집요정,시선"
러닝코스추천,[서울 러닝 코스 추천] 영상 5도~10도 러닝 옷차림 완벽... ,#영상5도러닝 #영상10도옷차림 #러닝복장추천 #서울러닝코스 #5km러닝 #10km러닝 #러닝초보 #반포한강공원 #석촌호수러닝 #남산둘레길 #오운완 #상암러닝 #하늘공원러닝 #노을공원 #업힐훈련 #러닝스타그램,https://blog.naver.com/yeepi01/224214350293,"영상,옷차림,완벽,스노보드,자덕,네이버,블로그"
러닝코스추천,대구 러닝 코스 추천 동구 율하체육공원 주차 라이딩 명소,"대구 러닝 코스 추천 율하체육공원 주차 라이딩 명소 @ 글, 사진 대한민국야경여지도 브라운도치 대구... 대구 러닝 코스, 라이딩 명소로도 추천하는 곳입니다. 길 양옆으로 늘어선 나무들이 밤 하늘을 배경으로... ",https://blog.naver.com/dodo5582/224170111375,"대구,동구,체육,주차,라이딩,명소,대구,체육,주차,라이딩,명소,사진,대한민국,지도,브라운,도치,대구,대구,라이딩,명소"
러닝코스추천,부산 해운대 러닝코스 추천 동백섬부터 해동용궁사까지,부산 해운대 러닝코스 추천 동백섬부터 해동용궁사까지 러닝을 취미로 하다가 얼마전 부산에 간김에... 부산 해운대 러닝코스로 정말 추천하는 곳으로 바다옆에서 달리기 정말 좋았다. 처음 나오는 달맞이길... ,https://blog.naver.com/1manbo/224241679844,"부산,해운대,동백섬,해동용궁사,부산,해운대,동백섬,해동용궁사,취미,얼마,부산,간김,부산,해운대,정말,바다,정말,처음,달맞이,에세이"
러닝코스추천,2026 서울 하프 마라톤 일정 러닝 코스 하프 10km 달리기,#서울하프마라톤 #2026서울하프마라톤 #서울러닝 #하프마라톤 #러닝대회 #마라톤코스 #러닝정보 #러닝대회추천 #서울마라톤 #광화문출발 #상암피니시 #여의도10km #러닝준비 #러닝코스 #러너일상... ,https://blog.naver.com/qhadldhaus98/224258685947,"하프,일정,하프,골프,여행가,축구,보미,네이버,블로그"
러닝코스추천,제주 서귀포 일몰 러닝코스 추천 올레7코스,8키로를 넘게 달리면서 힘이 하나도 안들고 오히려 기분이 너무좋고 활력이 돌던 제주 서귀포 일몰 러닝코스! 올레7코스를 따라가며 아름다운 석양과 외돌개를 볼수있는 서귀포 러닝코스 갓생 살기 추천추천,https://blog.naver.com/sooquirtle/224245748288,"제주,서귀포,일몰,올레,하나,오히려,기분,제주,서귀포,일몰,올레,석양,외돌,서귀포,살기,네이버,블로그"
러닝코스추천,"전주 러닝 코스 추천 - 러닝 초보도 가능한 효천교, 한벽굴에서... ",화사한 벚꽃과 함께 감성적인 전주 러닝 코스를 즐기고 싶다면 효천교를 강력 추천합니다. 전주 러닝 코스 추천 2. [한벽굴] 인생샷은 여기서! 드라마 &lt;스물다섯 스물하나&gt; 촬영지 이번 러닝의 하이라이트이자... ,https://blog.naver.com/jeonju_city/224254745642,"전주,초보,벽굴,벚꽃,감성,전주,강력,전주,벽굴,인생샷,여기,드라마,스물,다섯,스물,하나,촬영,하이라이트,이자,전주시"
러닝코스추천,"오사카 여행 : 러닝코스추천, 난바역에서 오사카성 관광 러닝 12","간사이 오사카여행 러닝코스 추천. 난바역에서 오사카성 관광러닝. 우리나라에서 인기의 정점을 찍고... 오사카성 러닝은 일본 현지인분들의 동네 러닝코스로 많은 러너들이 달리기도하고, 일본에서 러닝은... ",https://blog.naver.com/jung_nh/224219226495,"오사카,여행,난바역,오사카,관광,간사이,오사카,여행,난바역,오사카,관광,우리나라,인기,정점,오사카,일본,지인,동네,러너,도하"
러닝코스추천,영월 10km 러닝 로드 코스 추천｜운탄고도1330 출발 청령포원... ,"로드 러닝 코스 추천 ✔ 운탄고도 1330 출발 ✔ 청령포 방향 코스 ✔ 동강 따라 달리는 구간  이런 루트는 ✔ 초보 러너도 가능 ✔ 풍경 러닝 좋아하는 분 추천 ✔ 장거리 훈련에도 좋음  숙소 이동, 그리고... ",https://blog.naver.com/nuskin3313/224226168863,"영월,로드,출발,청령포,로드,출발,청령포,동강,루트,초보,러너,가능,풍경,장거리,숙소,이동,발걸음,네이버,블로그"
러닝코스추천,"러닝의 계절 가을, 포항 가을 러닝 코스 추천","러닝의 계절 가을, 포항 가을 러닝 코스 추천 요즘 제가 빠져있는 운동은 러닝인데요. 러닝을 하면서... 페이스가 빠른 사람은 인코스로 달리고 페이스가 느린 사람는 바깥코스로 달리는게 매너라고 하더라고요!... ",https://blog.naver.com/inpohang/224064024245,"계절,가을,포항,가을,계절,가을,포항,가을,요즘,달리,바깥,매너,포항,퐝퐝,네이버,블로그"
러닝코스추천,밈 짤 만취왕자 바이럴 / 시흥 러닝 예쁜 러닝코스 추천 산책코스,거북섬 예쁜 러닝코스 산책코스 추천 러닝코스 혹은 산책코스로 최고임. 해안 정말 바로 옆 산책로인데 풍경 너무 예쁘쟈냐요. 시흥 거북섬 러닝 예쁜 러닝코스 산책코스 추천 해안가 따라서... ,https://blog.naver.com/ohhew/224231857197,"만취,왕자,바이럴,시흥,산책,거북섬,산책,산책,최고,해안,정말,바로,산책로,풍경,예쁘쟈냐,시흥,거북섬,산책,해안가,따라서"
러닝코스추천,"골드코스트 러닝 코스 추천, 마이애미비치 to 벌리헤즈... ","골드코스트 첫 러닝! 출국 전 “형님, 저 멋진 바다 보면서 달리고 싶어요!” 이 한마디에 지인 형님이 추천해 주신 코스가 있었으니… 바로 마이애미 비치에서 벌리헤즈까지 (벌리 to 팜비치까지) 이어지는 러닝... ",https://blog.naver.com/faminlove/224082456701,"골드코스트,마이애미비치,벌리헤즈,골드코스트,출국,형님,바다,달리,한마디,지인,형님,주신,바로,마이애미,비치,벌리헤즈,팜비치,굿모닝,유학,에듀"
러닝코스추천,온유어마크 경복궁 러닝 코스 추천 아디다스 하이퍼부스트 엣지... ,"궁금했던 신상 러닝화를 여유롭게 테스트해 보고 맛있는 식사까지, 온유어마크 경복궁점에서 시작한 반나절 코스 강력하게 추천합니다. #온유어마크 #온유어마크경복궁점 #아디다스러닝화 #하이퍼부스트엣지... ",https://blog.naver.com/kirruazz/224236760826,"온유어마크,경복궁,아디다스,하이퍼,부스트,엣지,신상,테스트,보고,식사,온유어마크,경복궁,시작,반나절,먹기,위해,여자,라이프,네이버,블로그"
러닝코스추천,광주 러닝 뛰기 좋은 곳! 광주 러닝 코스 &amp; 장소 추천,자연 속 힐링 코스 광주 시민의 숲 &quot;햇볕 걱정 없이 달리는 숲속 러닝&quot; [거리] 약 3km 코스 [이용 tip] 일직선 코스의 평지로 입문자에게 추천 러닝 중간 다양한 자연 풍경 즐기기! ♒광주천 &quot;자연과 함께... ,https://blog.naver.com/dodreamgj/224252089245,"광주,광주,장소,자연,힐링,광주,시민,햇볕,걱정,숲속,이용,일직선,평지,입문,중간,자연,풍경,광주,자연,광주"
러닝코스추천,[경주 러닝코스 추천] 경주 보문호수공원으로 러닝하러 가요~,"필수코스!!!! 저에겐 추억이 있는 러닝의 성지인, 바로 경주 보문호수공원인데요, 경주 러닝코스 추천해... 야간 러너들에게 강력 추천하는 코스입니다. 러닝 마치고 나서도 걱정마세요! 주변에 호수 전망 좋은... ",https://blog.naver.com/kimjaehee2/224214376877,"경주,경주,보문호,가요,필수,추억,성지인,바로,경주,보문호,경주,야간,러너,강력,마치,걱정,호수,전망,왕땡굴스,해피"
러닝코스추천,이촌한강공원 반려견동반 걷기좋은길 한강러닝코스추천,이촌한강공원 반려견동반 걷기좋은길 한강 러닝코스 추천 © 행복한메이네 겨울에 너무 집에만 있지말고 주말에는 한강산책 이촌한강공원 반려견동반 걷기좋은길 한강 러닝 코스로 추천하는 이촌한강공원... ,https://blog.naver.com/helpgod83/224160422898,"이촌,한강,반려견,동반,걷기,한강,이촌,한강,반려견,동반,걷기,한강,메이,겨울,주말,한강,산책,이촌,한강,반려견"
러닝코스추천,병점 러닝코스 추천해요 2탄ㅡ구봉산공원,"전 주로 아침6,7시나 저녁엔 9시 이후 추천드려요 #병점러닝코스 #동탄러닝코스 #구봉산근린공원 #병점공원 #병점달리기 #화성운동코스 #병점헬시라이프 #구봉산산책로 #동탄러닝 #달리기좋은곳 #러닝코스... ",https://blog.naver.com/sena0814/224061792422,"병점,구봉산,주로,이후,네이버,블로그"
러닝코스추천,흑석역 러닝코스 추천 반포한강공원 한바퀴,흑석역 러닝코스 추천 반포한강공원 한바퀴 26년 4월 5일 흑석역 러닝코스 추천겸 반포한강공원을 거치는 오늘 하루 러닝 뛰고왔다. 1. 흑석역 흑석역을 가기위해 5524번 타고 간다 저녁이라 외부 풍경이... ,https://blog.naver.com/1manbo/224241822398,"흑석역,반포,한강,바퀴,흑석역,반포,한강,바퀴,흑석역,반포,한강,하루,흑석역,흑석역,가기,위해,타고,간다,외부,풍경"
러닝코스추천,강남 러닝코스 추천 신논현역 - 선정릉 - 봉은사역 봉은사... ,이런식으로 시티런하며 명소도 구경하고 거리도 난이도도 적당한 구간을 뛰어보니 재밌었다! 강남에서 재밌는 러닝코스 찾으신다면 신논현 - 봉은사 코스 추천! 중간에 선정릉 한바퀴까지 더하면 금상첨화!,https://blog.naver.com/sooquirtle/224252832861,"강남,신논현역,선정릉,봉은사,봉은사,시티,명소,구경,난이도,어보,강남,논현,봉은사,중간,선정릉,바퀴,금상첨화,네이버,블로그"
러닝코스추천,홍콩 스타의 거리 러닝 코스 추천｜로얄가든호텔 루트 + NOC... ,홍콩에서 러닝 코스 찾는다면 스타의 거리 루트 추천해요. 거리 약 4.3km / 시간 약 35분 여행 중 가볍게 달리기 좋은 거리였어요! (심폐지구력이 약한 편임..) NOC 카페 (Not Only Coffee) 러닝 끝나고 바로 들린 곳은... ,https://blog.naver.com/sonjin092/224259576223,"홍콩,스타,로얄,가든,호텔,루트,홍콩,스타,루트,여행,폐지,구력,편임,카페,바로,네이버,블로그"
러닝코스추천,속초 러닝코스추천 / 영랑호 러닝코스 7km,#영랑호러닝코스추천 #속초러닝코스추천 영랑호는 호수를 끼고 한바퀴 도는 코스로 러닝을... 영랑호러닝을 하실때는 이른아침시간 추천드려요. 시간이 지날수록 관광객들이 많아져서 사람뿐만이 아니라... ,https://blog.naver.com/moonkim17/224243711890,"속초,호수,바퀴,관광객,여사,네이버,블로그"
러닝코스추천,"잠실 팝업 롯데월드몰 서울 놀거리 석촌호수 러닝 코스, 무조건... ","석촌호수 러닝 코스 추천 양손 무겁게 잠실 팝업에서 쇼핑을 마쳤다면, 새 장비 장착하고 바로 나가서 실전으로 뛰어봐야겠죠? 잠실 롯데월드몰 문만 열고 나가면 펼쳐지는 바로 앞 주변 러닝 스팟을 추천해... ",https://blog.naver.com/who_u_who/224254668120,"잠실,팝업,롯데,월드,석촌호수,무조건,석촌호수,잠실,팝업,쇼핑,장비,바로,실전,잠실,롯데,월드,바로,스팟,모리,네이버"
러닝코스추천,[도쿄여행] 긴자 근처 고쿄 러닝 코스 추천,"(내부는 내국인이랑만 입장 가능하대요!) 고쿄러닝코스는 중간에 완만한 언덕이 한번 있지만 대부분 평지 위주고, 한 바퀴 돌면 정말 마법처럼 딱 5키로예요. 어디서든 합류가 가능하고 신호가 없어서... ",https://blog.naver.com/tjdgns165/224246555669,"도쿄,여행,긴자,고쿄,내부,입장,대요,고쿄,중간,완만,언덕,한번,대부분,평지,위주,바퀴,정말,마법,로예,어디"
러닝코스추천,"태국 치앙마이 러닝 코스 추천, 치앙마이 대학교 트랙 이용 꿀팁","태국 치앙마이 러닝코스를 찾는다면, 치앙마이 대학교 트랙을 추천한다. 태국 치앙마이가 여행하기 참... #치앙마이대학교트랙 #치앙마이러닝코스추천 #치앙마이러닝코스 #태국치앙마이러닝 #치앙마이런트립",https://blog.naver.com/suribi/224107237859,"태국,치앙마이,치앙마이,대학교,트랙,이용,꿀팁,태국,치앙마이,치앙마이,대학교,트랙,태국,치앙마이,여행,네이버,블로그"
러닝코스추천,성수 러닝코스 추천 뉴발란스에서 러닝화 대여 후 서울숲 달리기,서울숲을 지나 한강으로 이어지는 8km 코스 매장에 2.5km부터 15km까지 다양한 추천 코스가 있었지만... 알찬 하루를 직접 경험해 보시길 바랍니다. #성수 #성수러닝코스 #러닝코스추천 #서울러닝코스 #남짐릇 #LOOOP,https://blog.naver.com/kirruazz/224253136142,"성수,뉴발란스,대여,서울숲,서울숲,지나,한강,매장,부터,하루,직접,경험,먹기,위해,여자,라이프,네이버,블로그"
러닝코스추천,gemini와 러닝 여행일정 짜기_가오슝 소류구 러닝 코스 추천,"즐기기) 러닝코스: 숙소 - 아이허 - 아오지디공원(1.5km) - 숙소, 약 15km 이외 가오슝 러닝코스... 간식 추천) 15:00 섬 서쪽 해변에서 수영 및 자전거 섬 일주 18:00 망하이 파빌리온에서 일몰 감상 (리코... ",https://blog.naver.com/leexeoyeon/224258969168,"여행,일정,가오슝,류구,숙소,아이,아오지,숙소,이외,가오슝,간식,서쪽,해변,수영,자전거,일주,파빌리온,일몰,감상,리코"
러닝코스추천,제주 남쪽 바다를 끼고 달리는 '중문 벚꽃런' 러닝 코스와... ,5km 난이도 : 중 (반환점까지 은근한 오르막이 계속되는 업힐 코스가 많아요) 러너를 위한 모든것이 있는 색달해수욕장 중문러닝의 시작점으로 색달해수욕장을 추천하는 이유는 러너에게 필요한 인프라가 잘... ,https://blog.naver.com/jejudo_official/224246127003,"제주,남쪽,바다,중문,벚꽃,난이도,반환,은근,오르막,계속,업힐,러너,색달,해수욕장,중문,색달,해수욕장,이유,러너,인프라"
러닝코스추천,"Cafe’ 러닝 크루 참가 후기 (feat. 짱구 러닝 코스, 팁 추천)",내적으로 혼자 잘 즐기고 돌아왔다 러너라면 한번쯤 도전해볼만한 발리러닝클럽-! 추천합니다↔️ #발리러닝클럽 #발리러닝 #발리러닝크루 #발리러닝코스 #발리짱구러닝 #짱구러닝클럽비교 #킨카페 #짱구러닝,https://blog.naver.com/johnnyjuun/224249986457,"크루,참가,후기,짱구,내적,러너,라면,한번,도전,발리,클럽,트리,세상,보기,네이버,블로그"
러닝코스추천,"통영 바다 보며 달리는 러닝코스 BEST 4, 해안도로 러닝 추천",통영 바다 보며 달리는 러닝코스 BEST 4 해안도로 러닝 추천  통영시 제10기 기자단 SNS 서포터즈 박지현... 러닝코스로 즐겨보시면 좋을 것 같아요. #통영 #통영러닝코스 #통영해안도로 #통영여행 #러닝코스추천... ,https://blog.naver.com/tongyeongsi/224234121507,"통영,바다,해안,도로,통영,바다,해안,도로,통영시,자단,서포터즈,박지현,보시,통영시,공식,블로그,네이버,블로그"
러닝코스추천,서울 러닝코스 추천 3.5km 자전거없는 남산둘레길 가는법,"서울 러닝코스 추천으로 꼽는 우선순위가 있으세요? 러닝코스 거리 5km, 10km 등, 러닝할때 뷰?, 한강? 무엇보다 남산둘레길 코스는 무장애도로로 자전거나 킥보드들이 없어서 개인적으로 가장 맘에 듭니다. 1.... ",https://blog.naver.com/oisuloi/224045210314,"자전거,남산,둘레길,꼽는,우선,순위,한강,무엇,남산,둘레길,무장애,도로로,자전거,보드,개인,가장,듭니,네이버,블로그"
러닝코스추천,"단대 호수 천호지 한 바퀴, 천안 아침 러닝 코스로 추천",숙소 포스팅 #천안여행 #천안가볼만한곳 #천호지 #단대호수 #천안러닝 #러닝코스추천 #산책코스추천 #천안산책 #천안데이트 #천안아침코스 #국내여행 #주말여행 #운동기록 #러닝일기 #천안호수 #벚꽃명소 #천안벚꽃,https://blog.naver.com/risingstock789/224238832941,"단대,호수,바퀴,천안,숙소,포스팅,대충,네이버,블로그"
러닝코스추천,청라호수공원 출발-하늘대교-구읍뱃터 왕복 러닝 21K 코스.,하늘대교 재진입 = 체력 테스트 후반 15km 이후  페이스 급 떨어지기 쉬움 마지막으로 호수공원 한바퀴 돌면 21k 코스가 완성됩니다 &quot;Gramin 러닝 기록&quot; 러닝 팁  추천 시간 : 아침 or 해질녘 (바람/햇빛 고려)... ,https://blog.naver.com/youngsubk/224258967795,"청라,호수,출발,하늘,대교,구읍뱃터,왕복,하늘,대교,진입,체력,테스트,후반,이후,쉬움,마지막,호수,바퀴,완성,기록"
러닝코스추천,경기 10km 러닝 코스 추천 #1... (바다 옆 직선 러닝 코스),가보시길 추천하는 곳. :) [같이 보면 좋을만한 글] #경기10km코스 #시흥러닝코스 #근교러닝코스추천 #10km시흥러닝 #10km러닝 #10km러닝코스추천 #시화방조제러닝 #오이도러닝 #야외러닝코스 #러닝코스추천... ,https://blog.naver.com/vnfma0726/224246503087,"경기,바다,직선,뚜웅푸,네이버,블로그"
러닝코스추천,의암호 러닝코스 추천 : 플레인호텔 앞 호수 러닝 10km 런트립,춘천여행 의암호 러닝코스 추천 : 플레인호텔 앞 호수 러닝 10km 런트립 춘천혼자여행 / 호수러닝... #공지천 #벚꽃길 을 달리는 춘천 대표 러닝코스라서 춘천 봄여행에 꼭 추천드립니다  (저는 이동 경로... ,https://blog.naver.com/blogwedding/224219439155,"의암호,플레인,호텔,호수,런트립,춘천,여행,의암호,플레인,호텔,호수,런트립,춘천,여행,호수,춘천,대표,춘천,여행,이동"
러닝코스추천,여의도한강공원 초입까지 러닝코스 추천 고구마입구,여의도 한강공원초입까지 러닝코스 추천 고구마입구 4월 8일 수요일 퇴근 후 여권사진한테 혼나서... 시뻘건 색감에 힘받고 간다 언제봐도 멋드러지는 동작역 러닝코스 전경 저 멀리 여의도 건물들과 한강대교... ,https://blog.naver.com/1manbo/224245677860,"여의도,한강,초입,고구마,입구,여의도,한강,초입,고구마,입구,수요일,퇴근,여권사진,색감,간다,언제,동작역,전경,멀리,여의도"
러닝코스추천,"달리기 좋은 도시, 진주를 달리다 러닝코스 추천 BEST 4 ♀️","속에서 러닝을 즐기고 싶은 분들께 추천드립니다. 화려하거나 붐비지 않지만, 그만큼 편안하게 자신의 리듬에 집중할 수 있는 매력을 지닌 코스입니다. 강변을 따라 이어지는 길 위에서는 주민들이 일상처럼... ",https://blog.naver.com/thejinjucity/224255336223,"도시,진주,달리,자신,리듬,집중,매력,강변,주민,일상,진주시,공식,블로그,네이버,블로그"
러닝코스추천,인천러닝코스 강력추천 인천대공원러닝코스,오늘은 간만에 다시 들고 온 인천러닝코스추천 인천대공원러닝코스 알려드리려고 해요. 이미... 인천대공원 러닝 훈련하기 너무나도 좋은 장소 입니다. 이제 대회들이 1~2개 정도 남으셨을텐데 제가 추천... ,https://blog.naver.com/m3374528/224060924345,"인천,강력,인천대,간만,다시,인천,인천대,인천대,장소,이제,대회,네이버,블로그"
러닝코스추천,동작역 러닝코스 추천 런린이 7km,"동작역 러닝코스 추천 런린이 7km 4월 6일 월요일 자주뛰던 동작역 러닝코스 한바퀴 돌고왔다 이번엔 추천으로 자주 나오는 루트로 5km, 7km, 10km 모두 가능한 시작점이다. 뻥 뚫려있던 동작역에 언젠가 이런게... ",https://blog.naver.com/1manbo/224243076939,"동작역,런린,동작역,런린,월요일,자주,동작역,바퀴,자주,루트,모두,동작역,에세이,네이버,블로그"
러닝코스추천,인천 러닝 코스 추천 승기천 러닝 주차 정보,인천 러닝 코스 많이들 추천해 주시는 승기천 러닝도 많이 하고 있어요 :) 저 같이 처음 러닝을... 승기천 러닝 코스 간단 포스팅이었는데요 혹시 다른 인천 러닝 코스 추천하실 곳 있으면 저도 좀 알려주세요... ,https://blog.naver.com/6124061/224233511505,"인천,승기천,주차,정보,인천,주시,승기천,처음,승기천,간단,포스팅,혹시,다른,인천,일기,네이버,블로그"
러닝코스추천,천안 10km 러닝코스 추천 힐링부터 기록런까지 즐길 수 있는... ,"혹시 천안에서 10km 러닝 코스를 고민 중이라면, 위 코스들 한번 달려보시길 추천합니다. 첨부 된 파일 확인하시면 더 정확하게 보여요! #천안러닝코스 #천안10km #천안조깅 #천안달리기 #러너추천코스",https://blog.naver.com/whdwl2440/223982776688,"천안,힐링,기록런,혹시,천안,고민,중이,라면,한번,첨부,파일,확인,정점,네이버,블로그"
러닝코스추천,[한강 러닝 코스 추천] 광진교 한강 러닝 ♀️,광진교쪽으로 러닝은 처음 해봤는데 진짜 너~~무 행복해서 이 설레는 기분을 공유하고 싶었어요  #광진교러닝 #한강러닝코스 #한강러닝 #광진교 광진교는 강동구쪽에서 시작하면 이렇게 진입 가능해요. 저는... ,https://blog.naver.com/daji1/224237044747,"한강,광진교,한강,광진교,처음,진짜,기분,공유,광진교,강동구,시작,진입,네이버,블로그"
러닝코스추천,경주 러닝코스 황리단길 월성지구 5km 모닝런 추천,"모닝런 후 주변 맛집도 추천드릴게요 경주 러닝코스 5km 추천 황리단길 주변 월성지구 한바퀴 출처... 경주 러닝코스였습니다. ⓒ 미스터반 경주 러닝코스 추천 5km 모닝런 ① 문천교, 문천상회에서 시작하여... ",https://blog.naver.com/enterside/224008866537,"경주,황리,월성,지구,모닝,모닝,맛집,경주,황리,월성,지구,바퀴,출처,경주,미스터,경주,모닝,문천교,상회,시작"
러닝코스추천,경주 마라톤 / 경주 보문 호수 야간 러닝 / 경주 러닝 코스 추천,적극 추천한다. &amp;&amp; &amp; #보문호 #경주여행 #보문호수 #경주마라톤 #경주마라톤코스 #경주러닝코스 #보문호러닝코스 #경주러닝코스추천,https://blog.naver.com/papa3367/224119837199,"경주,경주,보문,호수,야간,경주,적극,현장,사회,복지,노하우,네이버,블로그"
러닝코스추천,일본 오키나와 아메리칸 빌리지 러닝 코스 / 아라하 비치... ,오키나와 러닝코스 추천 오키나와 얏빠리 스테이크 오키나와 아메빌 스테이크 맛집 신나게 러닝을 하고 든든하게 고기를 보급해줍니다. 코스는 정말 완벽하지 않나요 ㅋㅋ 아메리칸빌리지 스테이크 맛집... ,https://blog.naver.com/chita000/224258471124,"일본,오키나와,아메리칸,아라하,비치,오키나와,오키나와,빠리,스테이크,오키나와,아메,스테이크,맛집,고기,보급,정말,아메리칸,스테이크,맛집,월세"
러닝코스추천,"양재천 벚꽃 러닝 후기, 서울 봄 산책 러닝코스 여기 하나면 끝!",서울벚꽃명소 #러닝코스추천 #서울달리기 #봄러닝 #러닝일상 #런스타그램 #러닝기록 #서울운동 #야외운동 #러닝스타그램 #벚꽃명소 #서울산책코스 #운동기록 #10km러닝 #러닝추천 #도심러닝 #양재천산책... ,https://blog.naver.com/minsanity-/224241559588,"양재천,벚꽃,후기,산책,여기,하나,벚꽃,명소,서약,네이버,블로그"
러닝코스추천,방콕여행- 벤짜낏띠 공원 러닝 (방콕 지역별 러닝코스추천),아래 코스를 한번 고려해보세요 ~ 특히 12~2월까지는 건기라 습하지 않고 날씨가 좋아서 방콕도 러닝 천국입니다. 방콕 러닝 코스 추천 1.룸피니 공원 (한바퀴 3km 정도) 2.벤짜낏띠 공원 (한바퀴2km) 3.벤짜씨리... ,https://blog.naver.com/05waterlily/224103980765,"방콕여행,벤짜낏띠,방콕,지역별,아래,한번,고려,건기,방콕,천국,방콕,룸피,바퀴,벤짜낏띠,바퀴,씨리,네이버,블로그"
러닝코스추천,"러닝 후기, 도심 속 호수뷰 서울 달리기 명소 러닝코스 추천",여러분께도 추천드리려고 해요. 석촌호수 러닝코스 정보 위치: 지하철 2호선 잠실역 3번 출구 / 8호선... #석촌호수 #석촌호수러닝 #석촌호수코스 #서울러닝코스 #잠실러닝 #서울달리기 #러닝코스추천 #서울러너... ,https://blog.naver.com/yeepi01/223999691424,"후기,도심,호수,명소,여러분,석촌호수,정보,위치,지하철,호선,잠실역,출구,호선,스노보드,자덕,네이버,블로그"
러닝코스추천,"경북 의성 가볼만한 곳, 러닝코스 추천! 남대천 실외정원... ",구봉공원에서 시작해 오늘 소개한 남대천 실외정원을 구경한 후에 아래까지 쭉 내려가 보라고 추천하고 싶습니다. 힘든 구간이 없고 러닝 코스로도 최적의 환경을 갖추고 있다는 점! +_+ 영상으로도 만나보세요... ,https://blog.naver.com/uiseong-good/224192468072,"경북,의성,남대천,실외,정원,구봉,시작,소개,남대천,실외,정원,구경,아래,보라,최적,환경,영상,도전,기회,희망"
러닝코스추천,광안리 러닝 코스 추천 8km 부부운동챌린지 D+28,"7km 9km 조금 안되게 페이스는 6분5초대 칼로리 632kcal 태웠습니다  오늘도 오운완 행복쓰~ #부부운동루틴, #부부운동, #부부아침운동, #부부아침운동루틴, #광안리러닝, #광안리러닝코스, #광안리러닝후기... ",https://blog.naver.com/ssora118/224255581791,"광안,부부,린지,조금,칼로리,오운완,행복,고동,이의,일상,블로그,네이버,블로그"
러닝코스추천,청주 러닝코스 추천 김수녕양궁장. 달릴 맛이 난다,청주 러닝코스 추천 김수녕양궁장. 달릴 맛이 난다 청주 러닝코스 청주 사람들이라면 모두 아시겠지만 김수녕양궁장은 양궁선수 김수녕의 업적을 기리기 위해 만들었다고 하더라구요. 업적을 듣고 와... ,https://blog.naver.com/pyh107011/224257128317,"청주,김수녕,양궁,청주,김수녕,양궁,청주,청주,모두,김수녕,양궁,양궁,선수,김수녕,업적,리기,위해,업적,파고,네이버"
러닝코스추천,시드니 시티 러닝 코스 추천 &amp; 러닝 후 브런치 카페 추천,시드니 러닝코스는 집주인도 러너라 추천해준 코스에요. 최근 지하철역이 생겨 뜨고 있는... 라떼^^ &amp; #시드니러닝 #시드니러닝코스 #시드니러닝코스추천 #바랑가루 #시드니브런치 #ASLANCoffeeRoastersTheRocks... ,https://blog.naver.com/vongfaree/224082397229,"시드니,시티,브런치,카페,시드니,집주인,러너,최근,지하철역,라떼,고양이,네이버,블로그"
러닝코스추천,터널로 이루어진 전주 벚꽃명소 산책코스로 또는 러닝코스 추천,전주천변 산책코스 중 길게 이어져 있는 긴 터니 속 아름다움을 만끽하며 거닐 수 있는 전주벚꽃명소 1km 이상의 길이 우거져 있어 러닝코스로 이용하기도 좋을 뿐만 아니라 중간에는 대형카페와 식당이 있어... ,https://blog.naver.com/a-life-of-han/224251038605,"터널,전주,벚꽃,명소,산책,전주천,산책,만끽,전주,벚꽃,명소,이상,길이,이용,중간,대형,카페,식당,네이버,블로그"
러닝코스추천,서울 러닝 코스 추천 북촌 런허브 러닝화 대여하고 댕댕런 안암... ,"따뜻해진 봄날, 늘 뛰던 트랙이나 한강을 벗어나 색다른 서울 러닝 코스를 찾고 계신다면 이 동선 그대로 꼭 한번 다녀와 보시길 추천해요. 그럼 오늘도 부상 없이 즐겁고 맛있는 러닝 하세요! #북촌러닝 #댕댕런... ",https://blog.naver.com/kirruazz/224231482511,"북촌,허브,대여,댕댕,안암,봄날,트랙,한강,동선,그대로,한번,부상,먹기,위해,여자,라이프,네이버,블로그"
러닝코스추천,잠수교 러닝코스 추천 가볍게 조깅하기 좋은 루트,잠수교 러닝코스 추천 가볍게 조깅하기 좋은 루트 4월 7일 화요일 오랜만에 해지기 전에! 그것도 심지어 평일에 잠수교 러닝코스로 가볍게 조깅하고 오기로 했다 배고파서 에너지젤 한입만 먹고.. 나머지는 내일... ,https://blog.naver.com/1manbo/224244349916,"잠수교,조깅,루트,잠수교,조깅,루트,화요일,지기,그것,심지어,평일,잠수교,조깅,오기,에너지,나머지,내일,에세이,네이버,블로그"
러닝코스추천,삼척쏠비치 2026 새해 첫 일출 &amp; 러닝 코스 추천: 이사부길... ,☀️♂️ #삼척쏠비치 #삼척일출명당 #삼척일출 #이사부길 #이사부길A코스 #삼척러닝 #새해러닝 #일출러닝 #오운완 #삼척맛집 #장수돌짜장 #삼척쏠비치맛집 #2026년 #삼척가볼만한곳 #러닝코스추천 #새해첫날... ,https://blog.naver.com/breadandroses99/224130543489,"삼척,비치,새해,일출,이사부,처음,이어도,네이버,블로그"
러닝코스추천,여행 / 제주 아침 러닝 코스 추천 / 용두암 / 제주올레길17코스,제주 올레길 17코스 제주 아침 러닝 코스 추천 제주에서 꼭 해보고 싶었던 것은 아침 러닝이었다. 이때... 다리가 불편하다면 애초에 내려가지 말 것을 추천한다. 용두의 형상 각도에 따라 달라 보이는데 어쨌든... ,https://blog.naver.com/papa3367/224080978332,"여행,제주,용두암,제주,올레길,제주,올레길,제주,제주,다리,애초,용두,형상,각도,달라,어쨌든,현장,사회,복지,노하우"
러닝코스추천,제주토끼에서 가까운 러닝코스 추천,좋은 코스가 생겼습니다 제주 러닝코스 추천 강정항에서 출발하면 월평포구를 지나 월평마을(이어도로... 제주 러닝코스 추천 제주토끼에 오시는 분들도 제주에 여행 와서 러닝을 하고 싶으신 분들께도 추천드... ,https://blog.naver.com/nayoung414/224222322647,"토끼,제주,강정항,출발,월평,포구,지나,월평,마을,이어도,제주,토끼,오시,제주,여행,제주,토끼,스타일,민박,네이버"
러닝코스추천,서울 러닝코스 추천 가볍게 7km 조깅,서울 러닝코스 추천 가볍게 7km 조깅 4월14일 화요일 오늘은 가볍게 7km 천천히 뛰며 회복해야겠다. 퇴근... 서울 러닝코스중 제일 마음에 드는 뷰 중 하나다. 이 뷰 보고 잠깐 힘내서 다시 뛴다 오늘음 7km만... ,https://blog.naver.com/1manbo/224252425125,"조깅,조깅,화요일,퇴근,제일,마음,하나,보고,잠깐,다시,에세이,네이버,블로그"
러닝코스추천,부산 최애 러닝 코스 공유! 벡스코에서 광안리 삼익비치까지... ,"저도 부산에 가면 꼭 러닝을 하고 오는데요, 오늘은 제가 가장 좋아하는 부산 러닝코스를 공유해보려고... 러닝추천 #러닝후기 #달리기 #러닝루틴 #러닝스타그램 #러너일상 #달리기좋은곳 #러닝코스추천... ",https://blog.naver.com/minsanity-/224217372692,"부산,최애,공유,벡스코,광안,삼익,비치,부산,가면,가장,부산,공유,서약,네이버,블로그"
러닝코스추천,부산 러닝코스 추천 해파랑길 2코스 16km 완주 후기... ,"러닝 추천 코스를 몇 번 가보다가 두루누비라는 전국 코스의 걷기 어플을 알게 되었는데, 뛸 때도... 해파랑길 2코스 총 16km 진행, 2시간 9분 완주. #부산러닝 #러닝코스추천 #해파랑길 #해파랑길2코스 #두루누비... ",https://blog.naver.com/1cebreaker/224257396353,"부산,파랑,완주,후기,두루,누비,전국,걷기,어플,파랑,진행,완주,깨알,네이버,블로그"
러닝코스추천,날씨도 좋아졌겠다. 팔거천 러닝 코스 추천!,#팔거천 #팔거천러닝 #대구러닝코스 #대구러닝 #러닝코스추천 #야간러닝 #팔달역 #동천역 #10km러닝 #러닝기록 #런스타그램 #대구운동 #러닝일상 #운동기록 #달리기좋은곳,https://blog.naver.com/wnsdud6180/224256045024,"일상,디자인,네이버,블로그"
러닝코스추천,봄날 벚꽃런닝 경산 남매지 러닝 코스 추천,"4km 정도라서 가볍게 뛰기에도 딱 좋고, 초보 러너분들 코스로도 괜찮은 것 같아요! 저는 아직 두... 봄에 러닝 시작해보고 싶다면 경산 남매지, 진짜 추천드려요!  경북 경산시 계양동 254-3 벚꽃 동기화 하려고... ",https://blog.naver.com/lozell-/224239972136,"봄날,벚꽃,런닝,경산,남매,초보,러너,시작,경산,남매,진짜,경북,경산시,계양동,벚꽃,동기화,생활,경제,로젤,네이버"
